to,month,num_flights
AAC,1,6
AAC,2,3
AAC,3,4
AAC,4,4
AAC,5,2
AAC,6,5
AAC,7,4
AAC,8,3
AAC,9,2
AAC,10,7
AAC,11,1
AAC,12,9
AAE,1,4
AAE,2,1
AAE,3,2
AAE,4,0
AAE,5,0
AAE,6,2
AAE,7,1
AAE,8,4
AAE,9,0
AAE,10,2
AAE,11,1
AAE,12,0
ABJ,1,1
ABJ,2,1
ABJ,3,4
ABJ,4,1
ABJ,5,2
ABJ,6,2
ABJ,7,3
ABJ,8,4
ABJ,9,2
ABJ,10,3
ABJ,11,0
ABJ,12,3
ABS,1,7
ABS,2,2
ABS,3,2
ABS,4,3
ABS,5,4
ABS,6,1
ABS,7,0
ABS,8,3
ABS,9,4
ABS,10,3
ABS,11,2
ABS,12,3
ABV,1,3
ABV,2,2
ABV,3,2
ABV,4,4
ABV,5,2
ABV,6,2
ABV,7,4
ABV,8,1
ABV,9,2
ABV,10,3
ABV,11,0
ABV,12,1
ACC,1,6
ACC,2,0
ACC,3,3
ACC,4,0
ACC,5,1
ACC,6,1
ACC,7,1
ACC,8,2
ACC,9,1
ACC,10,5
ACC,11,1
ACC,12,3
ADD,1,1
ADD,2,4
ADD,3,0
ADD,4,1
ADD,5,3
ADD,6,3
ADD,7,3
ADD,8,0
ADD,9,3
ADD,10,4
ADD,11,3
ADD,12,3
ADX,1,2
ADX,2,2
ADX,3,1
ADX,4,1
ADX,5,1
ADX,6,2
ADX,7,1
ADX,8,3
ADX,9,2
ADX,10,0
ADX,11,1
ADX,12,3
ADY,1,3
ADY,2,1
ADY,3,2
ADY,4,2
ADY,5,0
ADY,6,1
ADY,7,4
ADY,8,3
ADY,9,3
ADY,10,1
ADY,11,0
ADY,12,1
AEH,1,4
AEH,2,1
AEH,3,1
AEH,4,6
AEH,5,3
AEH,6,4
AEH,7,1
AEH,8,4
AEH,9,2
AEH,10,0
AEH,11,1
AEH,12,2
AER,1,1
AER,2,2
AER,3,4
AER,4,4
AER,5,4
AER,6,5
AER,7,1
AER,8,1
AER,9,1
AER,10,5
AER,11,2
AER,12,2
AGA,1,7
AGA,2,4
AGA,3,0
AGA,4,1
AGA,5,1
AGA,6,2
AGA,7,1
AGA,8,3
AGA,9,3
AGA,10,1
AGA,11,2
AGA,12,0
AGZ,1,2
AGZ,2,2
AGZ,3,2
AGZ,4,6
AGZ,5,2
AGZ,6,0
AGZ,7,2
AGZ,8,3
AGZ,9,0
AGZ,10,5
AGZ,11,4
AGZ,12,1
AHU,1,1
AHU,2,3
AHU,3,0
AHU,4,5
AHU,5,5
AHU,6,0
AHU,7,2
AHU,8,1
AHU,9,2
AHU,10,4
AHU,11,2
AHU,12,5
AJN,1,3
AJN,2,4
AJN,3,3
AJN,4,1
AJN,5,0
AJN,6,2
AJN,7,4
AJN,8,2
AJN,9,1
AJN,10,1
AJN,11,2
AJN,12,1
AJY,1,4
AJY,2,1
AJY,3,1
AJY,4,3
AJY,5,2
AJY,6,1
AJY,7,2
AJY,8,2
AJY,9,2
AJY,10,4
AJY,11,1
AJY,12,2
ALA,1,1
ALA,2,5
ALA,3,5
ALA,4,2
ALA,5,2
ALA,6,2
ALA,7,0
ALA,8,2
ALA,9,2
ALA,10,4
ALA,11,3
ALA,12,6
ALG,1,0
ALG,2,3
ALG,3,3
ALG,4,3
ALG,5,2
ALG,6,0
ALG,7,2
ALG,8,2
ALG,9,1
ALG,10,1
ALG,11,2
ALG,12,4
ALJ,1,3
ALJ,2,2
ALJ,3,4
ALJ,4,4
ALJ,5,2
ALJ,6,3
ALJ,7,1
ALJ,8,1
ALJ,9,1
ALJ,10,2
ALJ,11,2
ALJ,12,3
ALY,1,1
ALY,2,2
ALY,3,2
ALY,4,2
ALY,5,2
ALY,6,3
ALY,7,1
ALY,8,1
ALY,9,3
ALY,10,2
ALY,11,3
ALY,12,2
AMD,1,5
AMD,2,6
AMD,3,1
AMD,4,1
AMD,5,3
AMD,6,3
AMD,7,1
AMD,8,2
AMD,9,1
AMD,10,1
AMD,11,1
AMD,12,0
ANU,1,2
ANU,2,2
ANU,3,1
ANU,4,4
ANU,5,1
ANU,6,1
ANU,7,3
ANU,8,3
ANU,9,1
ANU,10,1
ANU,11,2
ANU,12,1
AOJ,1,4
AOJ,2,3
AOJ,3,2
AOJ,4,1
AOJ,5,0
AOJ,6,4
AOJ,7,2
AOJ,8,5
AOJ,9,2
AOJ,10,1
AOJ,11,2
AOJ,12,2
ARH,1,1
ARH,2,2
ARH,3,2
ARH,4,6
ARH,5,5
ARH,6,0
ARH,7,1
ARH,8,5
ARH,9,3
ARH,10,3
ARH,11,4
ARH,12,4
ARK,1,4
ARK,2,1
ARK,3,3
ARK,4,3
ARK,5,3
ARK,6,2
ARK,7,3
ARK,8,4
ARK,9,5
ARK,10,2
ARK,11,3
ARK,12,3
ARN,1,2
ARN,2,1
ARN,3,4
ARN,4,2
ARN,5,4
ARN,6,2
ARN,7,3
ARN,8,2
ARN,9,4
ARN,10,2
ARN,11,2
ARN,12,2
ASJ,1,4
ASJ,2,3
ASJ,3,2
ASJ,4,2
ASJ,5,1
ASJ,6,4
ASJ,7,2
ASJ,8,0
ASJ,9,3
ASJ,10,2
ASJ,11,2
ASJ,12,1
ASK,1,2
ASK,2,2
ASK,3,5
ASK,4,1
ASK,5,2
ASK,6,1
ASK,7,2
ASK,8,3
ASK,9,0
ASK,10,1
ASK,11,1
ASK,12,3
ASW,1,4
ASW,2,1
ASW,3,1
ASW,4,4
ASW,5,0
ASW,6,1
ASW,7,1
ASW,8,7
ASW,9,4
ASW,10,3
ASW,11,3
ASW,12,2
ATH,1,1
ATH,2,1
ATH,3,3
ATH,4,2
ATH,5,1
ATH,6,2
ATH,7,2
ATH,8,0
ATH,9,2
ATH,10,2
ATH,11,4
ATH,12,0
ATQ,1,5
ATQ,2,4
ATQ,3,1
ATQ,4,6
ATQ,5,2
ATQ,6,0
ATQ,7,1
ATQ,8,1
ATQ,9,4
ATQ,10,3
ATQ,11,2
ATQ,12,0
ATZ,1,1
ATZ,2,2
ATZ,3,2
ATZ,4,3
ATZ,5,1
ATZ,6,3
ATZ,7,4
ATZ,8,0
ATZ,9,1
ATZ,10,1
ATZ,11,6
ATZ,12,2
AUA,1,2
AUA,2,1
AUA,3,1
AUA,4,1
AUA,5,0
AUA,6,2
AUA,7,2
AUA,8,1
AUA,9,4
AUA,10,2
AUA,11,2
AUA,12,2
AUE,1,3
AUE,2,1
AUE,3,2
AUE,4,6
AUE,5,4
AUE,6,1
AUE,7,0
AUE,8,1
AUE,9,5
AUE,10,3
AUE,11,1
AUE,12,0
AXA,1,1
AXA,2,3
AXA,3,2
AXA,4,0
AXA,5,1
AXA,6,0
AXA,7,0
AXA,8,2
AXA,9,0
AXA,10,0
AXA,11,2
AXA,12,2
AXT,1,2
AXT,2,2
AXT,3,1
AXT,4,3
AXT,5,0
AXT,6,3
AXT,7,4
AXT,8,0
AXT,9,3
AXT,10,3
AXT,11,2
AXT,12,2
BAK,1,4
BAK,2,3
BAK,3,1
BAK,4,5
BAK,5,3
BAK,6,1
BAK,7,4
BAK,8,5
BAK,9,2
BAK,10,1
BAK,11,0
BAK,12,4
BBI,1,3
BBI,2,0
BBI,3,2
BBI,4,2
BBI,5,1
BBI,6,2
BBI,7,1
BBI,8,3
BBI,9,4
BBI,10,1
BBI,11,1
BBI,12,1
BBT,1,4
BBT,2,2
BBT,3,4
BBT,4,1
BBT,5,1
BBT,6,4
BBT,7,4
BBT,8,1
BBT,9,2
BBT,10,3
BBT,11,3
BBT,12,3
BBY,1,3
BBY,2,2
BBY,3,3
BBY,4,4
BBY,5,2
BBY,6,0
BBY,7,3
BBY,8,0
BBY,9,2
BBY,10,3
BBY,11,1
BBY,12,1
BDA,1,1
BDA,2,3
BDA,3,1
BDA,4,4
BDA,5,4
BDA,6,3
BDA,7,1
BDA,8,2
BDA,9,2
BDA,10,0
BDA,11,2
BDA,12,3
BDQ,1,4
BDQ,2,3
BDQ,3,3
BDQ,4,0
BDQ,5,3
BDQ,6,2
BDQ,7,1
BDQ,8,4
BDQ,9,3
BDQ,10,3
BDQ,11,2
BDQ,12,1
BEG,1,3
BEG,2,1
BEG,3,2
BEG,4,3
BEG,5,3
BEG,6,4
BEG,7,3
BEG,8,1
BEG,9,2
BEG,10,3
BEG,11,1
BEG,12,2
BEN,1,0
BEN,2,5
BEN,3,5
BEN,4,2
BEN,5,2
BEN,6,3
BEN,7,4
BEN,8,4
BEN,9,2
BEN,10,8
BEN,11,1
BEN,12,2
BER,1,3
BER,2,3
BER,3,1
BER,4,2
BER,5,1
BER,6,3
BER,7,2
BER,8,1
BER,9,3
BER,10,2
BER,11,0
BER,12,2
BEW,1,1
BEW,2,0
BEW,3,3
BEW,4,2
BEW,5,2
BEW,6,5
BEW,7,1
BEW,8,2
BEW,9,4
BEW,10,0
BEW,11,1
BEW,12,2
BFN,1,2
BFN,2,2
BFN,3,0
BFN,4,1
BFN,5,2
BFN,6,1
BFN,7,1
BFN,8,6
BFN,9,2
BFN,10,2
BFN,11,0
BFN,12,3
BFO,1,4
BFO,2,3
BFO,3,4
BFO,4,2
BFO,5,2
BFO,6,2
BFO,7,1
BFO,8,4
BFO,9,0
BFO,10,3
BFO,11,3
BFO,12,2
BGF,1,5
BGF,2,2
BGF,3,2
BGF,4,2
BGF,5,4
BGF,6,3
BGF,7,2
BGF,8,5
BGF,9,3
BGF,10,1
BGF,11,5
BGF,12,2
BGI,1,4
BGI,2,3
BGI,3,0
BGI,4,4
BGI,5,1
BGI,6,1
BGI,7,0
BGI,8,3
BGI,9,0
BGI,10,2
BGI,11,3
BGI,12,6
BGO,1,0
BGO,2,2
BGO,3,1
BGO,4,3
BGO,5,2
BGO,6,4
BGO,7,2
BGO,8,3
BGO,9,3
BGO,10,2
BGO,11,4
BGO,12,2
BGU,1,4
BGU,2,1
BGU,3,1
BGU,4,2
BGU,5,2
BGU,6,3
BGU,7,2
BGU,8,1
BGU,9,1
BGU,10,1
BGU,11,3
BGU,12,2
BHO,1,3
BHO,2,3
BHO,3,1
BHO,4,1
BHO,5,2
BHO,6,2
BHO,7,5
BHO,8,8
BHO,9,1
BHO,10,1
BHO,11,3
BHO,12,2
BIV,1,5
BIV,2,3
BIV,3,1
BIV,4,6
BIV,5,0
BIV,6,2
BIV,7,2
BIV,8,3
BIV,9,1
BIV,10,5
BIV,11,5
BIV,12,3
BJL,1,3
BJL,2,2
BJL,3,2
BJL,4,2
BJL,5,4
BJL,6,1
BJL,7,4
BJL,8,6
BJL,9,0
BJL,10,2
BJL,11,4
BJL,12,2
BKO,1,3
BKO,2,4
BKO,3,5
BKO,4,1
BKO,5,3
BKO,6,4
BKO,7,3
BKO,8,4
BKO,9,2
BKO,10,3
BKO,11,2
BKO,12,2
BLR,1,2
BLR,2,2
BLR,3,2
BLR,4,2
BLR,5,3
BLR,6,3
BLR,7,2
BLR,8,1
BLR,9,3
BLR,10,2
BLR,11,0
BLR,12,1
BLZ,1,2
BLZ,2,3
BLZ,3,5
BLZ,4,0
BLZ,5,2
BLZ,6,2
BLZ,7,0
BLZ,8,2
BLZ,9,0
BLZ,10,1
BLZ,11,2
BLZ,12,1
BOJ,1,3
BOJ,2,4
BOJ,3,2
BOJ,4,2
BOJ,5,0
BOJ,6,1
BOJ,7,4
BOJ,8,1
BOJ,9,1
BOJ,10,2
BOJ,11,1
BOJ,12,2
BOM,1,1
BOM,2,1
BOM,3,4
BOM,4,3
BOM,5,1
BOM,6,1
BOM,7,2
BOM,8,4
BOM,9,3
BOM,10,2
BOM,11,2
BOM,12,2
BON,1,0
BON,2,3
BON,3,3
BON,4,3
BON,5,0
BON,6,4
BON,7,2
BON,8,0
BON,9,2
BON,10,3
BON,11,4
BON,12,1
BOY,1,3
BOY,2,3
BOY,3,2
BOY,4,0
BOY,5,2
BOY,6,3
BOY,7,2
BOY,8,1
BOY,9,3
BOY,10,2
BOY,11,4
BOY,12,1
BQN,1,4
BQN,2,1
BQN,3,5
BQN,4,0
BQN,5,4
BQN,6,2
BQN,7,2
BQN,8,2
BQN,9,2
BQN,10,1
BQN,11,7
BQN,12,4
BTS,1,1
BTS,2,4
BTS,3,4
BTS,4,1
BTS,5,0
BTS,6,2
BTS,7,3
BTS,8,4
BTS,9,3
BTS,10,2
BTS,11,2
BTS,12,3
BUD,1,3
BUD,2,3
BUD,3,5
BUD,4,4
BUD,5,6
BUD,6,2
BUD,7,0
BUD,8,3
BUD,9,5
BUD,10,0
BUD,11,2
BUD,12,2
BUG,1,1
BUG,2,2
BUG,3,2
BUG,4,2
BUG,5,1
BUG,6,3
BUG,7,1
BUG,8,1
BUG,9,2
BUG,10,2
BUG,11,1
BUG,12,0
BUH,1,2
BUH,2,1
BUH,3,1
BUH,4,2
BUH,5,2
BUH,6,1
BUH,7,3
BUH,8,0
BUH,9,4
BUH,10,2
BUH,11,1
BUH,12,6
BUQ,1,3
BUQ,2,1
BUQ,3,2
BUQ,4,3
BUQ,5,3
BUQ,6,3
BUQ,7,1
BUQ,8,2
BUQ,9,2
BUQ,10,4
BUQ,11,3
BUQ,12,4
BYK,1,1
BYK,2,0
BYK,3,3
BYK,4,4
BYK,5,3
BYK,6,2
BYK,7,3
BYK,8,2
BYK,9,1
BYK,10,1
BYK,11,5
BYK,12,3
BZE,1,2
BZE,2,0
BZE,3,1
BZE,4,1
BZE,5,2
BZE,6,4
BZE,7,1
BZE,8,1
BZE,9,3
BZE,10,1
BZE,11,2
BZE,12,3
BZL,1,4
BZL,2,2
BZL,3,2
BZL,4,2
BZL,5,3
BZL,6,4
BZL,7,3
BZL,8,2
BZL,9,3
BZL,10,0
BZL,11,2
BZL,12,0
BZV,1,6
BZV,2,2
BZV,3,5
BZV,4,1
BZV,5,1
BZV,6,1
BZV,7,3
BZV,8,2
BZV,9,1
BZV,10,2
BZV,11,2
BZV,12,3
CAB,1,6
CAB,2,3
CAB,3,3
CAB,4,3
CAB,5,2
CAB,6,2
CAB,7,3
CAB,8,1
CAB,9,2
CAB,10,3
CAB,11,1
CAB,12,1
CAG,1,2
CAG,2,2
CAG,3,0
CAG,4,3
CAG,5,2
CAG,6,4
CAG,7,2
CAG,8,3
CAG,9,1
CAG,10,2
CAG,11,0
CAG,12,4
CAI,1,6
CAI,2,4
CAI,3,2
CAI,4,1
CAI,5,3
CAI,6,2
CAI,7,3
CAI,8,4
CAI,9,2
CAI,10,2
CAI,11,1
CAI,12,2
CAN,1,2
CAN,2,3
CAN,3,5
CAN,4,2
CAN,5,4
CAN,6,4
CAN,7,0
CAN,8,2
CAN,9,3
CAN,10,3
CAN,11,3
CAN,12,3
CAS,1,2
CAS,2,2
CAS,3,4
CAS,4,2
CAS,5,4
CAS,6,0
CAS,7,2
CAS,8,1
CAS,9,2
CAS,10,3
CAS,11,2
CAS,12,3
CCJ,1,3
CCJ,2,2
CCJ,3,3
CCJ,4,1
CCJ,5,0
CCJ,6,2
CCJ,7,1
CCJ,8,5
CCJ,9,5
CCJ,10,1
CCJ,11,2
CCJ,12,1
CCU,1,6
CCU,2,5
CCU,3,5
CCU,4,5
CCU,5,3
CCU,6,5
CCU,7,4
CCU,8,1
CCU,9,2
CCU,10,7
CCU,11,6
CCU,12,12
CCZ,1,2
CCZ,2,2
CCZ,3,1
CCZ,4,4
CCZ,5,1
CCZ,6,0
CCZ,7,3
CCZ,8,2
CCZ,9,3
CCZ,10,0
CCZ,11,1
CCZ,12,1
CFU,1,1
CFU,2,3
CFU,3,4
CFU,4,2
CFU,5,4
CFU,6,5
CFU,7,2
CFU,8,2
CFU,9,0
CFU,10,0
CFU,11,2
CFU,12,1
CGP,1,1
CGP,2,5
CGP,3,3
CGP,4,1
CGP,5,1
CGP,6,3
CGP,7,2
CGP,8,2
CGP,9,1
CGP,10,3
CGP,11,2
CGP,12,1
CGQ,1,1
CGQ,2,1
CGQ,3,2
CGQ,4,2
CGQ,5,1
CGQ,6,3
CGQ,7,4
CGQ,8,0
CGQ,9,2
CGQ,10,0
CGQ,11,0
CGQ,12,2
CIP,1,4
CIP,2,1
CIP,3,0
CIP,4,2
CIP,5,5
CIP,6,0
CIP,7,1
CIP,8,3
CIP,9,2
CIP,10,1
CIP,11,2
CIP,12,1
CJB,1,2
CJB,2,1
CJB,3,1
CJB,4,1
CJB,5,3
CJB,6,1
CJB,7,1
CJB,8,1
CJB,9,0
CJB,10,1
CJB,11,4
CJB,12,4
CKG,1,4
CKG,2,1
CKG,3,2
CKG,4,2
CKG,5,1
CKG,6,2
CKG,7,1
CKG,8,1
CKG,9,0
CKG,10,2
CKG,11,1
CKG,12,2
CMB,1,4
CMB,2,3
CMB,3,1
CMB,4,1
CMB,5,1
CMB,6,5
CMB,7,3
CMB,8,0
CMB,9,1
CMB,10,0
CMB,11,0
CMB,12,0
CMN,1,6
CMN,2,0
CMN,3,1
CMN,4,4
CMN,5,5
CMN,6,3
CMN,7,3
CMN,8,0
CMN,9,3
CMN,10,4
CMN,11,5
CMN,12,2
CND,1,5
CND,2,2
CND,3,4
CND,4,0
CND,5,1
CND,6,2
CND,7,2
CND,8,1
CND,9,2
CND,10,2
CND,11,0
CND,12,2
COK,1,1
COK,2,4
COK,3,3
COK,4,2
COK,5,3
COK,6,2
COK,7,1
COK,8,3
COK,9,2
COK,10,3
COK,11,1
COK,12,1
COO,1,2
COO,2,3
COO,3,1
COO,4,0
COO,5,1
COO,6,3
COO,7,2
COO,8,2
COO,9,6
COO,10,0
COO,11,1
COO,12,1
CPH,1,3
CPH,2,4
CPH,3,3
CPH,4,4
CPH,5,1
CPH,6,0
CPH,7,0
CPH,8,2
CPH,9,1
CPH,10,0
CPH,11,2
CPH,12,0
CPT,1,3
CPT,2,2
CPT,3,3
CPT,4,1
CPT,5,1
CPT,6,0
CPT,7,2
CPT,8,2
CPT,9,1
CPT,10,1
CPT,11,2
CPT,12,0
CRF,1,2
CRF,2,4
CRF,3,2
CRF,4,0
CRF,5,2
CRF,6,2
CRF,7,2
CRF,8,4
CRF,9,3
CRF,10,0
CRF,11,4
CRF,12,3
CTS,1,4
CTS,2,7
CTS,3,6
CTS,4,7
CTS,5,5
CTS,6,5
CTS,7,6
CTS,8,9
CTS,9,3
CTS,10,4
CTS,11,1
CTS,12,6
CTU,1,5
CTU,2,3
CTU,3,0
CTU,4,2
CTU,5,0
CTU,6,3
CTU,7,2
CTU,8,6
CTU,9,3
CTU,10,2
CTU,11,5
CTU,12,4
CUR,1,2
CUR,2,2
CUR,3,3
CUR,4,1
CUR,5,1
CUR,6,1
CUR,7,4
CUR,8,1
CUR,9,3
CUR,10,2
CUR,11,3
CUR,12,2
CZL,1,1
CZL,2,1
CZL,3,3
CZL,4,2
CZL,5,3
CZL,6,3
CZL,7,2
CZL,8,4
CZL,9,3
CZL,10,3
CZL,11,3
CZL,12,2
DAC,1,1
DAC,2,2
DAC,3,1
DAC,4,4
DAC,5,3
DAC,6,2
DAC,7,3
DAC,8,2
DAC,9,2
DAC,10,2
DAC,11,1
DAC,12,2
DAR,1,4
DAR,2,2
DAR,3,7
DAR,4,2
DAR,5,5
DAR,6,5
DAR,7,1
DAR,8,3
DAR,9,3
DAR,10,2
DAR,11,1
DAR,12,1
DBV,1,2
DBV,2,2
DBV,3,5
DBV,4,4
DBV,5,3
DBV,6,2
DBV,7,2
DBV,8,1
DBV,9,1
DBV,10,3
DBV,11,5
DBV,12,1
DEL,1,3
DEL,2,2
DEL,3,2
DEL,4,4
DEL,5,2
DEL,6,3
DEL,7,4
DEL,8,0
DEL,9,2
DEL,10,5
DEL,11,5
DEL,12,1
DGM,1,2
DGM,2,1
DGM,3,0
DGM,4,2
DGM,5,0
DGM,6,1
DGM,7,1
DGM,8,1
DGM,9,2
DGM,10,2
DGM,11,2
DGM,12,3
DJE,1,1
DJE,2,0
DJE,3,3
DJE,4,1
DJE,5,4
DJE,6,3
DJE,7,3
DJE,8,1
DJE,9,2
DJE,10,5
DJE,11,1
DJE,12,3
DJO,1,3
DJO,2,3
DJO,3,2
DJO,4,0
DJO,5,0
DJO,6,0
DJO,7,3
DJO,8,0
DJO,9,2
DJO,10,4
DJO,11,2
DJO,12,1
DKR,1,4
DKR,2,3
DKR,3,0
DKR,4,2
DKR,5,5
DKR,6,4
DKR,7,3
DKR,8,1
DKR,9,6
DKR,10,4
DKR,11,3
DKR,12,2
DLC,1,1
DLC,2,3
DLC,3,0
DLC,4,2
DLC,5,1
DLC,6,3
DLC,7,5
DLC,8,4
DLC,9,1
DLC,10,2
DLC,11,4
DLC,12,1
DME,1,2
DME,2,1
DME,3,3
DME,4,1
DME,5,4
DME,6,3
DME,7,2
DME,8,2
DME,9,2
DME,10,1
DME,11,0
DME,12,1
DRS,1,2
DRS,2,3
DRS,3,0
DRS,4,4
DRS,5,6
DRS,6,1
DRS,7,3
DRS,8,3
DRS,9,2
DRS,10,4
DRS,11,2
DRS,12,2
DUB,1,6
DUB,2,1
DUB,3,3
DUB,4,3
DUB,5,3
DUB,6,1
DUB,7,1
DUB,8,3
DUB,9,3
DUB,10,1
DUB,11,2
DUB,12,7
DUR,1,0
DUR,2,4
DUR,3,3
DUR,4,2
DUR,5,3
DUR,6,0
DUR,7,1
DUR,8,0
DUR,9,2
DUR,10,1
DUR,11,4
DUR,12,3
DYU,1,2
DYU,2,5
DYU,3,7
DYU,4,2
DYU,5,2
DYU,6,3
DYU,7,2
DYU,8,1
DYU,9,2
DYU,10,2
DYU,11,0
DYU,12,1
DZA,1,3
DZA,2,3
DZA,3,1
DZA,4,2
DZA,5,4
DZA,6,2
DZA,7,0
DZA,8,1
DZA,9,0
DZA,10,2
DZA,11,5
DZA,12,0
EBB,1,5
EBB,2,1
EBB,3,0
EBB,4,3
EBB,5,2
EBB,6,1
EBB,7,2
EBB,8,1
EBB,9,4
EBB,10,4
EBB,11,3
EBB,12,2
EIS,1,4
EIS,2,5
EIS,3,9
EIS,4,4
EIS,5,2
EIS,6,1
EIS,7,3
EIS,8,3
EIS,9,7
EIS,10,9
EIS,11,3
EIS,12,4
ELH,1,2
ELH,2,3
ELH,3,4
ELH,4,4
ELH,5,1
ELH,6,2
ELH,7,2
ELH,8,6
ELH,9,1
ELH,10,3
ELH,11,1
ELH,12,5
ELL,1,3
ELL,2,1
ELL,3,2
ELL,4,3
ELL,5,4
ELL,6,4
ELL,7,1
ELL,8,1
ELL,9,4
ELL,10,1
ELL,11,2
ELL,12,3
ELS,1,3
ELS,2,2
ELS,3,1
ELS,4,3
ELS,5,3
ELS,6,2
ELS,7,2
ELS,8,2
ELS,9,4
ELS,10,2
ELS,11,2
ELS,12,5
EMY,1,0
EMY,2,1
EMY,3,3
EMY,4,3
EMY,5,4
EMY,6,1
EMY,7,3
EMY,8,0
EMY,9,3
EMY,10,2
EMY,11,1
EMY,12,1
ERS,1,3
ERS,2,0
ERS,3,5
ERS,4,1
ERS,5,1
ERS,6,2
ERS,7,3
ERS,8,4
ERS,9,3
ERS,10,3
ERS,11,1
ERS,12,1
EVN,1,2
EVN,2,4
EVN,3,4
EVN,4,3
EVN,5,1
EVN,6,2
EVN,7,4
EVN,8,0
EVN,9,3
EVN,10,1
EVN,11,2
EVN,12,6
FBM,1,3
FBM,2,3
FBM,3,2
FBM,4,1
FBM,5,3
FBM,6,2
FBM,7,1
FBM,8,2
FBM,9,1
FBM,10,2
FBM,11,7
FBM,12,0
FDF,1,2
FDF,2,3
FDF,3,3
FDF,4,3
FDF,5,3
FDF,6,1
FDF,7,2
FDF,8,2
FDF,9,2
FDF,10,3
FDF,11,0
FDF,12,2
FEZ,1,4
FEZ,2,2
FEZ,3,2
FEZ,4,5
FEZ,5,3
FEZ,6,3
FEZ,7,2
FEZ,8,0
FEZ,9,1
FEZ,10,0
FEZ,11,2
FEZ,12,1
FIH,1,2
FIH,2,4
FIH,3,3
FIH,4,2
FIH,5,2
FIH,6,0
FIH,7,4
FIH,8,3
FIH,9,1
FIH,10,1
FIH,11,0
FIH,12,4
FKI,1,1
FKI,2,2
FKI,3,3
FKI,4,4
FKI,5,0
FKI,6,5
FKI,7,1
FKI,8,3
FKI,9,0
FKI,10,1
FKI,11,1
FKI,12,4
FKS,1,2
FKS,2,1
FKS,3,0
FKS,4,2
FKS,5,3
FKS,6,2
FKS,7,1
FKS,8,3
FKS,9,1
FKS,10,3
FKS,11,9
FKS,12,2
FNA,1,6
FNA,2,0
FNA,3,2
FNA,4,4
FNA,5,2
FNA,6,2
FNA,7,2
FNA,8,3
FNA,9,0
FNA,10,1
FNA,11,2
FNA,12,3
FPO,1,4
FPO,2,3
FPO,3,3
FPO,4,0
FPO,5,3
FPO,6,0
FPO,7,1
FPO,8,1
FPO,9,1
FPO,10,2
FPO,11,1
FPO,12,1
FRW,1,1
FRW,2,2
FRW,3,2
FRW,4,3
FRW,5,2
FRW,6,3
FRW,7,3
FRW,8,2
FRW,9,0
FRW,10,5
FRW,11,3
FRW,12,4
FUK,1,0
FUK,2,2
FUK,3,4
FUK,4,6
FUK,5,1
FUK,6,2
FUK,7,2
FUK,8,2
FUK,9,3
FUK,10,4
FUK,11,2
FUK,12,2
GAJ,1,1
GAJ,2,4
GAJ,3,2
GAJ,4,0
GAJ,5,0
GAJ,6,3
GAJ,7,2
GAJ,8,1
GAJ,9,3
GAJ,10,3
GAJ,11,1
GAJ,12,2
GAU,1,3
GAU,2,2
GAU,3,4
GAU,4,4
GAU,5,1
GAU,6,0
GAU,7,2
GAU,8,0
GAU,9,1
GAU,10,2
GAU,11,1
GAU,12,0
GBE,1,2
GBE,2,5
GBE,3,1
GBE,4,3
GBE,5,0
GBE,6,1
GBE,7,2
GBE,8,0
GBE,9,1
GBE,10,3
GBE,11,1
GBE,12,3
GBI,1,4
GBI,2,0
GBI,3,1
GBI,4,4
GBI,5,1
GBI,6,2
GBI,7,4
GBI,8,1
GBI,9,4
GBI,10,1
GBI,11,1
GBI,12,2
GCM,1,1
GCM,2,4
GCM,3,1
GCM,4,2
GCM,5,4
GCM,6,1
GCM,7,1
GCM,8,3
GCM,9,2
GCM,10,5
GCM,11,3
GCM,12,0
GHB,1,2
GHB,2,2
GHB,3,2
GHB,4,2
GHB,5,3
GHB,6,2
GHB,7,1
GHB,8,1
GHB,9,3
GHB,10,3
GHB,11,3
GHB,12,4
GOI,1,1
GOI,2,2
GOI,3,0
GOI,4,1
GOI,5,0
GOI,6,1
GOI,7,1
GOI,8,0
GOI,9,2
GOI,10,0
GOI,11,2
GOI,12,3
GOT,1,2
GOT,2,2
GOT,3,3
GOT,4,3
GOT,5,3
GOT,6,1
GOT,7,3
GOT,8,2
GOT,9,1
GOT,10,3
GOT,11,1
GOT,12,1
GOZ,1,1
GOZ,2,2
GOZ,3,4
GOZ,4,0
GOZ,5,2
GOZ,6,2
GOZ,7,2
GOZ,8,2
GOZ,9,1
GOZ,10,3
GOZ,11,1
GOZ,12,3
GRJ,1,0
GRJ,2,1
GRJ,3,2
GRJ,4,3
GRJ,5,3
GRJ,6,2
GRJ,7,4
GRJ,8,2
GRJ,9,0
GRJ,10,3
GRJ,11,3
GRJ,12,1
GUA,1,0
GUA,2,1
GUA,3,1
GUA,4,3
GUA,5,1
GUA,6,3
GUA,7,2
GUA,8,1
GUA,9,2
GUA,10,3
GUA,11,3
GUA,12,1
GWE,1,8
GWE,2,4
GWE,3,1
GWE,4,0
GWE,5,2
GWE,6,0
GWE,7,1
GWE,8,2
GWE,9,1
GWE,10,2
GWE,11,0
GWE,12,3
GWY,1,2
GWY,2,3
GWY,3,0
GWY,4,3
GWY,5,0
GWY,6,5
GWY,7,4
GWY,8,1
GWY,9,2
GWY,10,4
GWY,11,1
GWY,12,3
HAC,1,3
HAC,2,2
HAC,3,2
HAC,4,1
HAC,5,2
HAC,6,3
HAC,7,3
HAC,8,1
HAC,9,0
HAC,10,5
HAC,11,2
HAC,12,2
HAH,1,1
HAH,2,2
HAH,3,2
HAH,4,1
HAH,5,4
HAH,6,0
HAH,7,0
HAH,8,2
HAH,9,3
HAH,10,5
HAH,11,0
HAH,12,3
HAM,1,2
HAM,2,1
HAM,3,2
HAM,4,2
HAM,5,2
HAM,6,4
HAM,7,0
HAM,8,3
HAM,9,0
HAM,10,1
HAM,11,4
HAM,12,3
HAV,1,1
HAV,2,2
HAV,3,3
HAV,4,4
HAV,5,5
HAV,6,2
HAV,7,3
HAV,8,0
HAV,9,3
HAV,10,1
HAV,11,2
HAV,12,3
HBH,1,3
HBH,2,0
HBH,3,2
HBH,4,5
HBH,5,3
HBH,6,2
HBH,7,0
HBH,8,8
HBH,9,2
HBH,10,2
HBH,11,0
HBH,12,1
HEL,1,0
HEL,2,3
HEL,3,3
HEL,4,5
HEL,5,4
HEL,6,1
HEL,7,0
HEL,8,4
HEL,9,2
HEL,10,2
HEL,11,2
HEL,12,2
HEW,1,2
HEW,2,1
HEW,3,6
HEW,4,2
HEW,5,2
HEW,6,2
HEW,7,2
HEW,8,3
HEW,9,1
HEW,10,1
HEW,11,1
HEW,12,5
HGH,1,2
HGH,2,4
HGH,3,2
HGH,4,4
HGH,5,3
HGH,6,3
HGH,7,2
HGH,8,0
HGH,9,2
HGH,10,2
HGH,11,0
HGH,12,2
HGO,1,2
HGO,2,2
HGO,3,2
HGO,4,3
HGO,5,1
HGO,6,5
HGO,7,3
HGO,8,0
HGO,9,2
HGO,10,1
HGO,11,1
HGO,12,1
HIJ,1,1
HIJ,2,0
HIJ,3,2
HIJ,4,1
HIJ,5,1
HIJ,6,2
HIJ,7,0
HIJ,8,4
HIJ,9,1
HIJ,10,3
HIJ,11,2
HIJ,12,8
HKD,1,3
HKD,2,3
HKD,3,3
HKD,4,1
HKD,5,5
HKD,6,0
HKD,7,2
HKD,8,2
HKD,9,2
HKD,10,2
HKD,11,3
HKD,12,3
HKG,1,4
HKG,2,0
HKG,3,2
HKG,4,2
HKG,5,2
HKG,6,3
HKG,7,5
HKG,8,0
HKG,9,1
HKG,10,1
HKG,11,0
HKG,12,3
HLA,1,2
HLA,2,3
HLA,3,1
HLA,4,1
HLA,5,1
HLA,6,3
HLA,7,1
HLA,8,0
HLA,9,1
HLA,10,0
HLA,11,1
HLA,12,3
HNA,1,2
HNA,2,1
HNA,3,2
HNA,4,4
HNA,5,1
HNA,6,3
HNA,7,3
HNA,8,2
HNA,9,0
HNA,10,0
HNA,11,3
HNA,12,5
HND,1,2
HND,2,1
HND,3,2
HND,4,5
HND,5,1
HND,6,3
HND,7,1
HND,8,4
HND,9,0
HND,10,2
HND,11,3
HND,12,1
HOG,1,2
HOG,2,0
HOG,3,2
HOG,4,3
HOG,5,4
HOG,6,3
HOG,7,1
HOG,8,2
HOG,9,3
HOG,10,1
HOG,11,1
HOG,12,2
HRB,1,2
HRB,2,3
HRB,3,1
HRB,4,2
HRB,5,2
HRB,6,1
HRB,7,0
HRB,8,1
HRB,9,3
HRB,10,4
HRB,11,2
HRB,12,1
HRE,1,2
HRE,2,1
HRE,3,5
HRE,4,7
HRE,5,1
HRE,6,5
HRE,7,6
HRE,8,1
HRE,9,3
HRE,10,6
HRE,11,2
HRE,12,2
HRG,1,3
HRG,2,1
HRG,3,2
HRG,4,4
HRG,5,4
HRG,6,1
HRG,7,1
HRG,8,2
HRG,9,4
HRG,10,3
HRG,11,0
HRG,12,1
HTA,1,0
HTA,2,1
HTA,3,1
HTA,4,2
HTA,5,1
HTA,6,2
HTA,7,0
HTA,8,3
HTA,9,3
HTA,10,2
HTA,11,1
HTA,12,2
HWN,1,0
HWN,2,2
HWN,3,4
HWN,4,0
HWN,5,3
HWN,6,1
HWN,7,1
HWN,8,5
HWN,9,2
HWN,10,1
HWN,11,1
HWN,12,4
HYD,1,1
HYD,2,0
HYD,3,1
HYD,4,3
HYD,5,0
HYD,6,2
HYD,7,3
HYD,8,2
HYD,9,0
HYD,10,1
HYD,11,2
HYD,12,3
IBZ,1,3
IBZ,2,3
IBZ,3,2
IBZ,4,1
IBZ,5,1
IBZ,6,2
IBZ,7,4
IBZ,8,1
IBZ,9,2
IBZ,10,5
IBZ,11,1
IBZ,12,5
ICN,1,6
ICN,2,4
ICN,3,4
ICN,4,6
ICN,5,3
ICN,6,5
ICN,7,9
ICN,8,5
ICN,9,3
ICN,10,3
ICN,11,1
ICN,12,5
IEV,1,0
IEV,2,1
IEV,3,0
IEV,4,5
IEV,5,6
IEV,6,1
IEV,7,2
IEV,8,1
IEV,9,2
IEV,10,2
IEV,11,1
IEV,12,3
IKT,1,2
IKT,2,1
IKT,3,2
IKT,4,1
IKT,5,2
IKT,6,1
IKT,7,3
IKT,8,2
IKT,9,2
IKT,10,3
IKT,11,3
IKT,12,3
INI,1,3
INI,2,1
INI,3,3
INI,4,1
INI,5,0
INI,6,2
INI,7,2
INI,8,2
INI,9,4
INI,10,2
INI,11,2
INI,12,2
INN,1,2
INN,2,2
INN,3,2
INN,4,3
INN,5,1
INN,6,2
INN,7,0
INN,8,3
INN,9,1
INN,10,2
INN,11,3
INN,12,5
IRO,1,0
IRO,2,0
IRO,3,1
IRO,4,3
IRO,5,1
IRO,6,1
IRO,7,2
IRO,8,1
IRO,9,0
IRO,10,1
IRO,11,3
IRO,12,3
ITM,1,1
ITM,2,3
ITM,3,4
ITM,4,0
ITM,5,2
ITM,6,1
ITM,7,2
ITM,8,2
ITM,9,2
ITM,10,1
ITM,11,0
ITM,12,1
IXB,1,3
IXB,2,3
IXB,3,5
IXB,4,2
IXB,5,2
IXB,6,3
IXB,7,0
IXB,8,1
IXB,9,3
IXB,10,3
IXB,11,4
IXB,12,2
IXC,1,0
IXC,2,0
IXC,3,2
IXC,4,1
IXC,5,4
IXC,6,1
IXC,7,3
IXC,8,3
IXC,9,2
IXC,10,1
IXC,11,1
IXC,12,2
IXG,1,3
IXG,2,2
IXG,3,3
IXG,4,2
IXG,5,0
IXG,6,4
IXG,7,7
IXG,8,2
IXG,9,2
IXG,10,1
IXG,11,3
IXG,12,3
IXR,1,2
IXR,2,4
IXR,3,1
IXR,4,4
IXR,5,4
IXR,6,2
IXR,7,1
IXR,8,3
IXR,9,1
IXR,10,1
IXR,11,2
IXR,12,2
IXW,1,1
IXW,2,1
IXW,3,5
IXW,4,1
IXW,5,3
IXW,6,3
IXW,7,1
IXW,8,2
IXW,9,7
IXW,10,2
IXW,11,2
IXW,12,1
JAI,1,1
JAI,2,0
JAI,3,2
JAI,4,2
JAI,5,3
JAI,6,1
JAI,7,2
JAI,8,1
JAI,9,2
JAI,10,1
JAI,11,2
JAI,12,4
JIB,1,4
JIB,2,1
JIB,3,2
JIB,4,2
JIB,5,3
JIB,6,1
JIB,7,3
JIB,8,2
JIB,9,2
JIB,10,3
JIB,11,3
JIB,12,2
JLR,1,4
JLR,2,2
JLR,3,2
JLR,4,1
JLR,5,3
JLR,6,4
JLR,7,4
JLR,8,2
JLR,9,2
JLR,10,2
JLR,11,5
JLR,12,2
JMK,1,4
JMK,2,1
JMK,3,2
JMK,4,2
JMK,5,3
JMK,6,0
JMK,7,2
JMK,8,2
JMK,9,1
JMK,10,2
JMK,11,5
JMK,12,2
JNB,1,5
JNB,2,1
JNB,3,4
JNB,4,4
JNB,5,1
JNB,6,4
JNB,7,0
JNB,8,1
JNB,9,3
JNB,10,3
JNB,11,2
JNB,12,0
JRO,1,1
JRO,2,2
JRO,3,1
JRO,4,6
JRO,5,2
JRO,6,1
JRO,7,1
JRO,8,5
JRO,9,1
JRO,10,2
JRO,11,2
JRO,12,4
KAN,1,3
KAN,2,1
KAN,3,3
KAN,4,1
KAN,5,2
KAN,6,2
KAN,7,3
KAN,8,4
KAN,9,0
KAN,10,6
KAN,11,1
KAN,12,3
KBP,1,1
KBP,2,5
KBP,3,0
KBP,4,5
KBP,5,0
KBP,6,0
KBP,7,4
KBP,8,2
KBP,9,3
KBP,10,4
KBP,11,2
KBP,12,3
KCZ,1,3
KCZ,2,2
KCZ,3,1
KCZ,4,3
KCZ,5,2
KCZ,6,5
KCZ,7,0
KCZ,8,5
KCZ,9,1
KCZ,10,2
KCZ,11,3
KCZ,12,0
KGL,1,0
KGL,2,4
KGL,3,2
KGL,4,4
KGL,5,4
KGL,6,0
KGL,7,6
KGL,8,3
KGL,9,0
KGL,10,3
KGL,11,2
KGL,12,7
KGS,1,2
KGS,2,2
KGS,3,3
KGS,4,2
KGS,5,0
KGS,6,1
KGS,7,1
KGS,8,0
KGS,9,5
KGS,10,1
KGS,11,3
KGS,12,3
KHH,1,7
KHH,2,4
KHH,3,0
KHH,4,3
KHH,5,3
KHH,6,3
KHH,7,2
KHH,8,5
KHH,9,2
KHH,10,0
KHH,11,3
KHH,12,1
KHV,1,2
KHV,2,2
KHV,3,3
KHV,4,1
KHV,5,0
KHV,6,3
KHV,7,3
KHV,8,1
KHV,9,2
KHV,10,3
KHV,11,3
KHV,12,2
KIJ,1,2
KIJ,2,1
KIJ,3,2
KIJ,4,1
KIJ,5,0
KIJ,6,0
KIJ,7,4
KIJ,8,1
KIJ,9,0
KIJ,10,0
KIJ,11,2
KIJ,12,1
KIM,1,1
KIM,2,4
KIM,3,1
KIM,4,1
KIM,5,1
KIM,6,1
KIM,7,0
KIM,8,1
KIM,9,4
KIM,10,5
KIM,11,1
KIM,12,0
KIN,1,3
KIN,2,2
KIN,3,2
KIN,4,3
KIN,5,3
KIN,6,5
KIN,7,6
KIN,8,0
KIN,9,0
KIN,10,5
KIN,11,5
KIN,12,1
KIR,1,2
KIR,2,2
KIR,3,0
KIR,4,3
KIR,5,2
KIR,6,4
KIR,7,1
KIR,8,1
KIR,9,1
KIR,10,3
KIR,11,0
KIR,12,3
KIW,1,4
KIW,2,4
KIW,3,1
KIW,4,1
KIW,5,1
KIW,6,2
KIW,7,2
KIW,8,3
KIW,9,2
KIW,10,4
KIW,11,4
KIW,12,2
KIX,1,2
KIX,2,1
KIX,3,3
KIX,4,2
KIX,5,2
KIX,6,2
KIX,7,2
KIX,8,0
KIX,9,4
KIX,10,2
KIX,11,1
KIX,12,4
KLZ,1,4
KLZ,2,4
KLZ,3,4
KLZ,4,6
KLZ,5,3
KLZ,6,2
KLZ,7,3
KLZ,8,1
KLZ,9,2
KLZ,10,2
KLZ,11,2
KLZ,12,3
KMI,1,3
KMI,2,1
KMI,3,2
KMI,4,6
KMI,5,0
KMI,6,2
KMI,7,3
KMI,8,1
KMI,9,1
KMI,10,3
KMI,11,4
KMI,12,2
KMJ,1,3
KMJ,2,4
KMJ,3,2
KMJ,4,3
KMJ,5,1
KMJ,6,1
KMJ,7,0
KMJ,8,2
KMJ,9,2
KMJ,10,1
KMJ,11,1
KMJ,12,2
KMP,1,6
KMP,2,1
KMP,3,4
KMP,4,2
KMP,5,2
KMP,6,2
KMP,7,3
KMP,8,2
KMP,9,2
KMP,10,0
KMP,11,3
KMP,12,3
KMQ,1,2
KMQ,2,1
KMQ,3,1
KMQ,4,5
KMQ,5,3
KMQ,6,2
KMQ,7,7
KMQ,8,2
KMQ,9,2
KMQ,10,3
KMQ,11,2
KMQ,12,2
KOJ,1,1
KOJ,2,2
KOJ,3,1
KOJ,4,5
KOJ,5,2
KOJ,6,1
KOJ,7,0
KOJ,8,1
KOJ,9,1
KOJ,10,1
KOJ,11,3
KOJ,12,3
KRK,1,2
KRK,2,1
KRK,3,2
KRK,4,0
KRK,5,1
KRK,6,4
KRK,7,6
KRK,8,3
KRK,9,4
KRK,10,0
KRK,11,0
KRK,12,0
KRT,1,2
KRT,2,1
KRT,3,2
KRT,4,1
KRT,5,0
KRT,6,3
KRT,7,4
KRT,8,3
KRT,9,3
KRT,10,0
KRT,11,3
KRT,12,1
KSL,1,2
KSL,2,0
KSL,3,1
KSL,4,1
KSL,5,3
KSL,6,0
KSL,7,3
KSL,8,2
KSL,9,3
KSL,10,4
KSL,11,4
KSL,12,1
KTM,1,3
KTM,2,4
KTM,3,2
KTM,4,2
KTM,5,0
KTM,6,3
KTM,7,3
KTM,8,2
KTM,9,2
KTM,10,2
KTM,11,4
KTM,12,4
KUH,1,5
KUH,2,0
KUH,3,5
KUH,4,3
KUH,5,3
KUH,6,1
KUH,7,3
KUH,8,2
KUH,9,2
KUH,10,1
KUH,11,1
KUH,12,0
KZN,1,1
KZN,2,3
KZN,3,5
KZN,4,2
KZN,5,2
KZN,6,5
KZN,7,2
KZN,8,4
KZN,9,2
KZN,10,0
KZN,11,3
KZN,12,4
LAD,1,3
LAD,2,2
LAD,3,4
LAD,4,4
LAD,5,1
LAD,6,3
LAD,7,0
LAD,8,2
LAD,9,3
LAD,10,6
LAD,11,2
LAD,12,2
LBQ,1,1
LBQ,2,2
LBQ,3,1
LBQ,4,3
LBQ,5,2
LBQ,6,2
LBQ,7,2
LBQ,8,4
LBQ,9,3
LBQ,10,2
LBQ,11,4
LBQ,12,3
LBV,1,3
LBV,2,0
LBV,3,1
LBV,4,1
LBV,5,1
LBV,6,3
LBV,7,0
LBV,8,2
LBV,9,1
LBV,10,1
LBV,11,1
LBV,12,3
LED,1,2
LED,2,5
LED,3,2
LED,4,3
LED,5,4
LED,6,5
LED,7,4
LED,8,1
LED,9,5
LED,10,0
LED,11,1
LED,12,2
LIQ,1,2
LIQ,2,3
LIQ,3,0
LIQ,4,2
LIQ,5,4
LIQ,6,4
LIQ,7,2
LIQ,8,4
LIQ,9,2
LIQ,10,4
LIQ,11,2
LIQ,12,2
LIS,1,4
LIS,2,3
LIS,3,3
LIS,4,6
LIS,5,3
LIS,6,5
LIS,7,2
LIS,8,2
LIS,9,5
LIS,10,3
LIS,11,2
LIS,12,4
LJU,1,3
LJU,2,1
LJU,3,3
LJU,4,0
LJU,5,1
LJU,6,2
LJU,7,2
LJU,8,3
LJU,9,4
LJU,10,3
LJU,11,3
LJU,12,4
LKO,1,2
LKO,2,1
LKO,3,3
LKO,4,0
LKO,5,1
LKO,6,2
LKO,7,0
LKO,8,2
LKO,9,2
LKO,10,1
LKO,11,8
LKO,12,2
LLW,1,1
LLW,2,1
LLW,3,3
LLW,4,4
LLW,5,2
LLW,6,1
LLW,7,2
LLW,8,5
LLW,9,3
LLW,10,4
LLW,11,4
LLW,12,3
LOS,1,2
LOS,2,4
LOS,3,1
LOS,4,3
LOS,5,1
LOS,6,0
LOS,7,5
LOS,8,1
LOS,9,4
LOS,10,4
LOS,11,4
LOS,12,5
LRM,1,1
LRM,2,1
LRM,3,1
LRM,4,2
LRM,5,1
LRM,6,4
LRM,7,7
LRM,8,3
LRM,9,1
LRM,10,3
LRM,11,1
LRM,12,2
LSG,1,3
LSG,2,2
LSG,3,0
LSG,4,4
LSG,5,1
LSG,6,1
LSG,7,2
LSG,8,2
LSG,9,2
LSG,10,1
LSG,11,3
LSG,12,0
LSZ,1,2
LSZ,2,1
LSZ,3,4
LSZ,4,6
LSZ,5,2
LSZ,6,2
LSZ,7,0
LSZ,8,2
LSZ,9,1
LSZ,10,2
LSZ,11,1
LSZ,12,4
LUD,1,1
LUD,2,1
LUD,3,2
LUD,4,0
LUD,5,2
LUD,6,4
LUD,7,0
LUD,8,3
LUD,9,3
LUD,10,5
LUD,11,2
LUD,12,1
LUJ,1,0
LUJ,2,3
LUJ,3,6
LUJ,4,2
LUJ,5,1
LUJ,6,2
LUJ,7,0
LUJ,8,1
LUJ,9,4
LUJ,10,2
LUJ,11,3
LUJ,12,2
LUN,1,0
LUN,2,2
LUN,3,7
LUN,4,4
LUN,5,3
LUN,6,2
LUN,7,0
LUN,8,4
LUN,9,3
LUN,10,3
LUN,11,1
LUN,12,2
LWO,1,2
LWO,2,1
LWO,3,1
LWO,4,3
LWO,5,0
LWO,6,2
LWO,7,2
LWO,8,4
LWO,9,1
LWO,10,3
LWO,11,3
LWO,12,4
LXR,1,4
LXR,2,2
LXR,3,1
LXR,4,7
LXR,5,1
LXR,6,2
LXR,7,3
LXR,8,1
LXR,9,3
LXR,10,3
LXR,11,0
LXR,12,3
MAA,1,4
MAA,2,4
MAA,3,6
MAA,4,4
MAA,5,7
MAA,6,3
MAA,7,2
MAA,8,4
MAA,9,4
MAA,10,4
MAA,11,5
MAA,12,5
MAZ,1,1
MAZ,2,5
MAZ,3,1
MAZ,4,2
MAZ,5,2
MAZ,6,0
MAZ,7,2
MAZ,8,2
MAZ,9,2
MAZ,10,1
MAZ,11,3
MAZ,12,5
MBA,1,0
MBA,2,3
MBA,3,0
MBA,4,1
MBA,5,2
MBA,6,4
MBA,7,2
MBA,8,2
MBA,9,2
MBA,10,1
MBA,11,2
MBA,12,5
MBJ,1,1
MBJ,2,1
MBJ,3,1
MBJ,4,5
MBJ,5,3
MBJ,6,3
MBJ,7,5
MBJ,8,2
MBJ,9,1
MBJ,10,2
MBJ,11,1
MBJ,12,3
MBM,1,6
MBM,2,1
MBM,3,1
MBM,4,2
MBM,5,3
MBM,6,4
MBM,7,3
MBM,8,3
MBM,9,3
MBM,10,1
MBM,11,2
MBM,12,1
MBX,1,3
MBX,2,1
MBX,3,2
MBX,4,3
MBX,5,2
MBX,6,1
MBX,7,2
MBX,8,3
MBX,9,0
MBX,10,4
MBX,11,4
MBX,12,3
MEZ,1,3
MEZ,2,5
MEZ,3,2
MEZ,4,2
MEZ,5,1
MEZ,6,4
MEZ,7,4
MEZ,8,1
MEZ,9,3
MEZ,10,2
MEZ,11,2
MEZ,12,2
MFF,1,2
MFF,2,2
MFF,3,3
MFF,4,4
MFF,5,2
MFF,6,2
MFF,7,6
MFF,8,3
MFF,9,3
MFF,10,2
MFF,11,4
MFF,12,1
MFM,1,2
MFM,2,1
MFM,3,0
MFM,4,2
MFM,5,3
MFM,6,3
MFM,7,0
MFM,8,0
MFM,9,2
MFM,10,3
MFM,11,2
MFM,12,3
MFQ,1,3
MFQ,2,2
MFQ,3,4
MFQ,4,0
MFQ,5,4
MFQ,6,1
MFQ,7,5
MFQ,8,2
MFQ,9,1
MFQ,10,4
MFQ,11,1
MFQ,12,4
MFU,1,5
MFU,2,0
MFU,3,1
MFU,4,3
MFU,5,2
MFU,6,4
MFU,7,3
MFU,8,5
MFU,9,1
MFU,10,2
MFU,11,1
MFU,12,3
MGA,1,5
MGA,2,2
MGA,3,3
MGA,4,3
MGA,5,2
MGA,6,0
MGA,7,3
MGA,8,1
MGA,9,3
MGA,10,3
MGA,11,3
MGA,12,3
MGH,1,1
MGH,2,3
MGH,3,1
MGH,4,1
MGH,5,3
MGH,6,0
MGH,7,0
MGH,8,2
MGH,9,1
MGH,10,2
MGH,11,3
MGH,12,1
MGQ,1,2
MGQ,2,2
MGQ,3,1
MGQ,4,0
MGQ,5,4
MGQ,6,2
MGQ,7,1
MGQ,8,1
MGQ,9,2
MGQ,10,3
MGQ,11,3
MGQ,12,1
MHH,1,0
MHH,2,3
MHH,3,2
MHH,4,4
MHH,5,2
MHH,6,2
MHH,7,0
MHH,8,4
MHH,9,2
MHH,10,3
MHH,11,6
MHH,12,3
MIR,1,5
MIR,2,6
MIR,3,0
MIR,4,2
MIR,5,3
MIR,6,0
MIR,7,0
MIR,8,1
MIR,9,3
MIR,10,4
MIR,11,0
MIR,12,2
MJC,1,1
MJC,2,3
MJC,3,3
MJC,4,3
MJC,5,0
MJC,6,2
MJC,7,6
MJC,8,5
MJC,9,3
MJC,10,6
MJC,11,1
MJC,12,5
MJL,1,5
MJL,2,2
MJL,3,7
MJL,4,5
MJL,5,3
MJL,6,0
MJL,7,5
MJL,8,3
MJL,9,4
MJL,10,2
MJL,11,4
MJL,12,2
MJN,1,3
MJN,2,2
MJN,3,4
MJN,4,3
MJN,5,6
MJN,6,2
MJN,7,3
MJN,8,1
MJN,9,4
MJN,10,2
MJN,11,2
MJN,12,1
MJT,1,2
MJT,2,3
MJT,3,4
MJT,4,4
MJT,5,3
MJT,6,5
MJT,7,0
MJT,8,1
MJT,9,1
MJT,10,3
MJT,11,5
MJT,12,1
MLA,1,3
MLA,2,0
MLA,3,2
MLA,4,1
MLA,5,3
MLA,6,1
MLA,7,3
MLA,8,2
MLA,9,1
MLA,10,2
MLA,11,1
MLA,12,2
MLE,1,1
MLE,2,2
MLE,3,0
MLE,4,1
MLE,5,1
MLE,6,1
MLE,7,4
MLE,8,1
MLE,9,1
MLE,10,4
MLE,11,2
MLE,12,3
MLW,1,2
MLW,2,2
MLW,3,2
MLW,4,4
MLW,5,3
MLW,6,6
MLW,7,1
MLW,8,4
MLW,9,3
MLW,10,0
MLW,11,3
MLW,12,3
MMJ,1,2
MMJ,2,2
MMJ,3,1
MMJ,4,2
MMJ,5,5
MMJ,6,3
MMJ,7,5
MMJ,8,1
MMJ,9,1
MMJ,10,1
MMJ,11,4
MMJ,12,2
MMK,1,1
MMK,2,3
MMK,3,2
MMK,4,1
MMK,5,3
MMK,6,3
MMK,7,3
MMK,8,2
MMK,9,1
MMK,10,4
MMK,11,3
MMK,12,4
MMY,1,2
MMY,2,2
MMY,3,3
MMY,4,2
MMY,5,7
MMY,6,0
MMY,7,2
MMY,8,5
MMY,9,7
MMY,10,1
MMY,11,2
MMY,12,2
MOW,1,0
MOW,2,2
MOW,3,1
MOW,4,2
MOW,5,0
MOW,6,3
MOW,7,1
MOW,8,0
MOW,9,1
MOW,10,2
MOW,11,2
MOW,12,1
MPA,1,4
MPA,2,2
MPA,3,3
MPA,4,3
MPA,5,4
MPA,6,5
MPA,7,0
MPA,8,1
MPA,9,1
MPA,10,3
MPA,11,3
MPA,12,1
MPM,1,0
MPM,2,2
MPM,3,2
MPM,4,7
MPM,5,0
MPM,6,5
MPM,7,3
MPM,8,1
MPM,9,1
MPM,10,0
MPM,11,2
MPM,12,2
MQQ,1,3
MQQ,2,2
MQQ,3,0
MQQ,4,2
MQQ,5,3
MQQ,6,3
MQQ,7,3
MQQ,8,1
MQQ,9,5
MQQ,10,2
MQQ,11,3
MQQ,12,2
MRU,1,2
MRU,2,4
MRU,3,4
MRU,4,3
MRU,5,2
MRU,6,1
MRU,7,2
MRU,8,1
MRU,9,3
MRU,10,7
MRU,11,2
MRU,12,1
MRV,1,4
MRV,2,3
MRV,3,1
MRV,4,5
MRV,5,2
MRV,6,2
MRV,7,4
MRV,8,2
MRV,9,1
MRV,10,1
MRV,11,1
MRV,12,3
MSQ,1,1
MSQ,2,3
MSQ,3,1
MSQ,4,3
MSQ,5,2
MSQ,6,2
MSQ,7,1
MSQ,8,2
MSQ,9,1
MSQ,10,2
MSQ,11,2
MSQ,12,3
MSU,1,3
MSU,2,4
MSU,3,2
MSU,4,3
MSU,5,2
MSU,6,3
MSU,7,3
MSU,8,2
MSU,9,1
MSU,10,3
MSU,11,5
MSU,12,0
MTS,1,2
MTS,2,2
MTS,3,3
MTS,4,2
MTS,5,4
MTS,6,2
MTS,7,0
MTS,8,1
MTS,9,1
MTS,10,1
MTS,11,2
MTS,12,5
MUB,1,3
MUB,2,3
MUB,3,6
MUB,4,3
MUB,5,1
MUB,6,2
MUB,7,2
MUB,8,3
MUB,9,1
MUB,10,2
MUB,11,0
MUB,12,3
MUH,1,0
MUH,2,1
MUH,3,1
MUH,4,2
MUH,5,5
MUH,6,3
MUH,7,2
MUH,8,1
MUH,9,2
MUH,10,8
MUH,11,1
MUH,12,1
MVB,1,1
MVB,2,0
MVB,3,1
MVB,4,3
MVB,5,1
MVB,6,0
MVB,7,1
MVB,8,2
MVB,9,2
MVB,10,3
MVB,11,2
MVB,12,5
MVZ,1,4
MVZ,2,1
MVZ,3,5
MVZ,4,5
MVZ,5,3
MVZ,6,3
MVZ,7,3
MVZ,8,1
MVZ,9,4
MVZ,10,3
MVZ,11,1
MVZ,12,1
MYD,1,3
MYD,2,2
MYD,3,0
MYD,4,1
MYD,5,1
MYD,6,3
MYD,7,1
MYD,8,2
MYD,9,1
MYD,10,2
MYD,11,2
MYD,12,0
MYJ,1,1
MYJ,2,3
MYJ,3,1
MYJ,4,4
MYJ,5,4
MYJ,6,2
MYJ,7,3
MYJ,8,2
MYJ,9,0
MYJ,10,4
MYJ,11,1
MYJ,12,2
MZF,1,3
MZF,2,3
MZF,3,2
MZF,4,0
MZF,5,0
MZF,6,3
MZF,7,3
MZF,8,0
MZF,9,2
MZF,10,1
MZF,11,1
MZF,12,3
MZG,1,1
MZG,2,2
MZG,3,0
MZG,4,2
MZG,5,4
MZG,6,2
MZG,7,1
MZG,8,2
MZG,9,2
MZG,10,2
MZG,11,2
MZG,12,5
NAG,1,0
NAG,2,1
NAG,3,1
NAG,4,3
NAG,5,2
NAG,6,0
NAG,7,1
NAG,8,5
NAG,9,1
NAG,10,3
NAG,11,2
NAG,12,3
NAN,1,0
NAN,2,2
NAN,3,2
NAN,4,4
NAN,5,3
NAN,6,2
NAN,7,4
NAN,8,2
NAN,9,2
NAN,10,2
NAN,11,3
NAN,12,4
NAS,1,0
NAS,2,1
NAS,3,4
NAS,4,0
NAS,5,4
NAS,6,0
NAS,7,2
NAS,8,3
NAS,9,2
NAS,10,4
NAS,11,2
NAS,12,1
NAY,1,4
NAY,2,0
NAY,3,2
NAY,4,4
NAY,5,2
NAY,6,2
NAY,7,3
NAY,8,1
NAY,9,1
NAY,10,1
NAY,11,0
NAY,12,3
NBO,1,6
NBO,2,0
NBO,3,2
NBO,4,3
NBO,5,3
NBO,6,1
NBO,7,1
NBO,8,1
NBO,9,2
NBO,10,4
NBO,11,3
NBO,12,2
NCS,1,2
NCS,2,4
NCS,3,3
NCS,4,6
NCS,5,4
NCS,6,0
NCS,7,5
NCS,8,1
NCS,9,2
NCS,10,2
NCS,11,4
NCS,12,1
NDB,1,4
NDB,2,5
NDB,3,2
NDB,4,2
NDB,5,4
NDB,6,1
NDB,7,4
NDB,8,1
NDB,9,4
NDB,10,2
NDB,11,1
NDB,12,3
NDJ,1,5
NDJ,2,0
NDJ,3,2
NDJ,4,3
NDJ,5,2
NDJ,6,6
NDJ,7,1
NDJ,8,0
NDJ,9,2
NDJ,10,3
NDJ,11,1
NDJ,12,1
NDU,1,4
NDU,2,2
NDU,3,3
NDU,4,1
NDU,5,0
NDU,6,3
NDU,7,2
NDU,8,2
NDU,9,3
NDU,10,9
NDU,11,2
NDU,12,2
NEV,1,5
NEV,2,2
NEV,3,1
NEV,4,1
NEV,5,2
NEV,6,3
NEV,7,3
NEV,8,6
NEV,9,1
NEV,10,6
NEV,11,5
NEV,12,2
NGO,1,2
NGO,2,4
NGO,3,2
NGO,4,1
NGO,5,4
NGO,6,3
NGO,7,3
NGO,8,5
NGO,9,1
NGO,10,1
NGO,11,1
NGO,12,1
NGS,1,1
NGS,2,2
NGS,3,3
NGS,4,0
NGS,5,3
NGS,6,4
NGS,7,8
NGS,8,4
NGS,9,4
NGS,10,5
NGS,11,2
NGS,12,6
NIM,1,3
NIM,2,2
NIM,3,2
NIM,4,7
NIM,5,2
NIM,6,2
NIM,7,3
NIM,8,2
NIM,9,2
NIM,10,3
NIM,11,2
NIM,12,1
NKC,1,0
NKC,2,2
NKC,3,1
NKC,4,6
NKC,5,2
NKC,6,0
NKC,7,0
NKC,8,3
NKC,9,1
NKC,10,2
NKC,11,0
NKC,12,3
NLA,1,4
NLA,2,1
NLA,3,0
NLA,4,1
NLA,5,4
NLA,6,1
NLA,7,0
NLA,8,1
NLA,9,3
NLA,10,2
NLA,11,1
NLA,12,0
NLP,1,2
NLP,2,3
NLP,3,1
NLP,4,3
NLP,5,2
NLP,6,1
NLP,7,2
NLP,8,3
NLP,9,1
NLP,10,1
NLP,11,1
NLP,12,0
NLV,1,4
NLV,2,2
NLV,3,3
NLV,4,2
NLV,5,2
NLV,6,2
NLV,7,4
NLV,8,3
NLV,9,5
NLV,10,3
NLV,11,2
NLV,12,1
NNG,1,1
NNG,2,1
NNG,3,3
NNG,4,6
NNG,5,5
NNG,6,3
NNG,7,2
NNG,8,2
NNG,9,3
NNG,10,2
NNG,11,3
NNG,12,2
NOC,1,2
NOC,2,4
NOC,3,5
NOC,4,3
NOC,5,2
NOC,6,0
NOC,7,2
NOC,8,0
NOC,9,1
NOC,10,3
NOC,11,4
NOC,12,3
NRT,1,1
NRT,2,2
NRT,3,3
NRT,4,1
NRT,5,0
NRT,6,4
NRT,7,0
NRT,8,1
NRT,9,2
NRT,10,2
NRT,11,2
NRT,12,3
NTY,1,4
NTY,2,4
NTY,3,5
NTY,4,3
NTY,5,2
NTY,6,3
NTY,7,1
NTY,8,5
NTY,9,0
NTY,10,2
NTY,11,0
NTY,12,1
ODA,1,0
ODA,2,4
ODA,3,1
ODA,4,2
ODA,5,3
ODA,6,7
ODA,7,0
ODA,8,6
ODA,9,3
ODA,10,1
ODA,11,1
ODA,12,2
ODS,1,2
ODS,2,1
ODS,3,4
ODS,4,1
ODS,5,1
ODS,6,1
ODS,7,3
ODS,8,4
ODS,9,2
ODS,10,3
ODS,11,2
ODS,12,3
OHD,1,4
OHD,2,0
OHD,3,1
OHD,4,3
OHD,5,2
OHD,6,2
OHD,7,3
OHD,8,2
OHD,9,3
OHD,10,1
OHD,11,4
OHD,12,4
OIT,1,1
OIT,2,4
OIT,3,1
OIT,4,2
OIT,5,5
OIT,6,2
OIT,7,3
OIT,8,2
OIT,9,3
OIT,10,2
OIT,11,5
OIT,12,4
OKA,1,0
OKA,2,3
OKA,3,2
OKA,4,1
OKA,5,1
OKA,6,1
OKA,7,1
OKA,8,5
OKA,9,0
OKA,10,3
OKA,11,0
OKA,12,4
OKD,1,1
OKD,2,3
OKD,3,4
OKD,4,1
OKD,5,1
OKD,6,2
OKD,7,1
OKD,8,1
OKD,9,2
OKD,10,2
OKD,11,3
OKD,12,2
OKJ,1,3
OKJ,2,2
OKJ,3,3
OKJ,4,2
OKJ,5,1
OKJ,6,1
OKJ,7,1
OKJ,8,3
OKJ,9,2
OKJ,10,4
OKJ,11,3
OKJ,12,1
OKU,1,0
OKU,2,3
OKU,3,2
OKU,4,3
OKU,5,5
OKU,6,0
OKU,7,2
OKU,8,3
OKU,9,2
OKU,10,2
OKU,11,3
OKU,12,1
OMD,1,2
OMD,2,2
OMD,3,2
OMD,4,3
OMD,5,2
OMD,6,3
OMD,7,5
OMD,8,3
OMD,9,2
OMD,10,4
OMD,11,1
OMD,12,6
OMO,1,3
OMO,2,0
OMO,3,6
OMO,4,1
OMO,5,2
OMO,6,2
OMO,7,0
OMO,8,3
OMO,9,4
OMO,10,4
OMO,11,3
OMO,12,1
OND,1,2
OND,2,6
OND,3,1
OND,4,4
OND,5,1
OND,6,3
OND,7,2
OND,8,3
OND,9,2
OND,10,2
OND,11,2
OND,12,1
ORK,1,3
ORK,2,2
ORK,3,5
ORK,4,1
ORK,5,3
ORK,6,3
ORK,7,4
ORK,8,2
ORK,9,1
ORK,10,4
ORK,11,1
ORK,12,3
ORN,1,2
ORN,2,3
ORN,3,1
ORN,4,5
ORN,5,4
ORN,6,2
ORN,7,2
ORN,8,1
ORN,9,1
ORN,10,1
ORN,11,3
ORN,12,0
OSA,1,1
OSA,2,4
OSA,3,3
OSA,4,3
OSA,5,0
OSA,6,1
OSA,7,1
OSA,8,1
OSA,9,4
OSA,10,1
OSA,11,0
OSA,12,2
OSI,1,3
OSI,2,2
OSI,3,0
OSI,4,4
OSI,5,3
OSI,6,0
OSI,7,7
OSI,8,4
OSI,9,4
OSI,10,2
OSI,11,1
OSI,12,1
OSL,1,4
OSL,2,3
OSL,3,0
OSL,4,4
OSL,5,0
OSL,6,1
OSL,7,0
OSL,8,1
OSL,9,1
OSL,10,1
OSL,11,1
OSL,12,1
OTP,1,3
OTP,2,1
OTP,3,4
OTP,4,2
OTP,5,3
OTP,6,0
OTP,7,3
OTP,8,0
OTP,9,0
OTP,10,3
OTP,11,1
OTP,12,5
OUA,1,0
OUA,2,3
OUA,3,2
OUA,4,0
OUA,5,1
OUA,6,1
OUA,7,4
OUA,8,3
OUA,9,1
OUA,10,2
OUA,11,4
OUA,12,5
OUD,1,2
OUD,2,2
OUD,3,3
OUD,4,1
OUD,5,2
OUD,6,4
OUD,7,6
OUD,8,2
OUD,9,3
OUD,10,0
OUD,11,1
OUD,12,2
OUH,1,3
OUH,2,4
OUH,3,1
OUH,4,1
OUH,5,1
OUH,6,2
OUH,7,2
OUH,8,0
OUH,9,5
OUH,10,2
OUH,11,3
OUH,12,3
OUZ,1,2
OUZ,2,4
OUZ,3,0
OUZ,4,2
OUZ,5,3
OUZ,6,1
OUZ,7,3
OUZ,8,3
OUZ,9,2
OUZ,10,4
OUZ,11,3
OUZ,12,2
OVB,1,2
OVB,2,0
OVB,3,3
OVB,4,4
OVB,5,1
OVB,6,3
OVB,7,4
OVB,8,1
OVB,9,4
OVB,10,5
OVB,11,1
OVB,12,1
OZZ,1,2
OZZ,2,0
OZZ,3,1
OZZ,4,4
OZZ,5,2
OZZ,6,2
OZZ,7,1
OZZ,8,3
OZZ,9,3
OZZ,10,2
OZZ,11,5
OZZ,12,0
PAP,1,1
PAP,2,2
PAP,3,1
PAP,4,1
PAP,5,0
PAP,6,4
PAP,7,3
PAP,8,3
PAP,9,3
PAP,10,2
PAP,11,1
PAP,12,4
PAT,1,1
PAT,2,2
PAT,3,1
PAT,4,2
PAT,5,1
PAT,6,3
PAT,7,3
PAT,8,1
PAT,9,4
PAT,10,4
PAT,11,1
PAT,12,1
PBH,1,4
PBH,2,2
PBH,3,1
PBH,4,3
PBH,5,4
PBH,6,1
PBH,7,2
PBH,8,1
PBH,9,0
PBH,10,4
PBH,11,0
PBH,12,0
PBM,1,3
PBM,2,4
PBM,3,6
PBM,4,2
PBM,5,2
PBM,6,0
PBM,7,2
PBM,8,4
PBM,9,0
PBM,10,4
PBM,11,5
PBM,12,1
PBZ,1,4
PBZ,2,1
PBZ,3,3
PBZ,4,1
PBZ,5,5
PBZ,6,0
PBZ,7,4
PBZ,8,3
PBZ,9,1
PBZ,10,1
PBZ,11,2
PBZ,12,1
PDL,1,4
PDL,2,3
PDL,3,4
PDL,4,0
PDL,5,2
PDL,6,2
PDL,7,2
PDL,8,3
PDL,9,3
PDL,10,5
PDL,11,3
PDL,12,5
PEK,1,3
PEK,2,1
PEK,3,3
PEK,4,2
PEK,5,1
PEK,6,4
PEK,7,3
PEK,8,4
PEK,9,5
PEK,10,2
PEK,11,7
PEK,12,2
PHC,1,3
PHC,2,3
PHC,3,3
PHC,4,2
PHC,5,1
PHC,6,2
PHC,7,3
PHC,8,4
PHC,9,5
PHC,10,1
PHC,11,1
PHC,12,0
PHW,1,3
PHW,2,2
PHW,3,2
PHW,4,3
PHW,5,4
PHW,6,1
PHW,7,3
PHW,8,3
PHW,9,2
PHW,10,3
PHW,11,3
PHW,12,2
PKW,1,4
PKW,2,7
PKW,3,3
PKW,4,1
PKW,5,1
PKW,6,1
PKW,7,2
PKW,8,5
PKW,9,3
PKW,10,1
PKW,11,1
PKW,12,6
PLZ,1,2
PLZ,2,3
PLZ,3,2
PLZ,4,3
PLZ,5,4
PLZ,6,3
PLZ,7,1
PLZ,8,0
PLZ,9,2
PLZ,10,6
PLZ,11,1
PLZ,12,0
PMI,1,6
PMI,2,1
PMI,3,3
PMI,4,1
PMI,5,0
PMI,6,1
PMI,7,1
PMI,8,1
PMI,9,3
PMI,10,1
PMI,11,3
PMI,12,2
PNQ,1,3
PNQ,2,1
PNQ,3,2
PNQ,4,1
PNQ,5,2
PNQ,6,3
PNQ,7,3
PNQ,8,5
PNQ,9,2
PNQ,10,3
PNQ,11,2
PNQ,12,6
PNR,1,2
PNR,2,1
PNR,3,2
PNR,4,1
PNR,5,3
PNR,6,2
PNR,7,4
PNR,8,3
PNR,9,4
PNR,10,4
PNR,11,1
PNR,12,2
POG,1,2
POG,2,1
POG,3,0
POG,4,2
POG,5,3
POG,6,4
POG,7,7
POG,8,2
POG,9,3
POG,10,3
POG,11,3
POG,12,1
POP,1,1
POP,2,3
POP,3,5
POP,4,3
POP,5,1
POP,6,0
POP,7,1
POP,8,2
POP,9,3
POP,10,1
POP,11,3
POP,12,2
POS,1,5
POS,2,3
POS,3,2
POS,4,1
POS,5,3
POS,6,2
POS,7,4
POS,8,0
POS,9,4
POS,10,4
POS,11,1
POS,12,3
PRN,1,3
PRN,2,2
PRN,3,7
PRN,4,2
PRN,5,4
PRN,6,3
PRN,7,2
PRN,8,2
PRN,9,3
PRN,10,3
PRN,11,0
PRN,12,4
PRY,1,2
PRY,2,2
PRY,3,1
PRY,4,2
PRY,5,4
PRY,6,1
PRY,7,2
PRY,8,1
PRY,9,1
PRY,10,5
PRY,11,1
PRY,12,4
PSD,1,3
PSD,2,0
PSD,3,6
PSD,4,2
PSD,5,2
PSD,6,1
PSD,7,1
PSD,8,0
PSD,9,0
PSD,10,1
PSD,11,3
PSD,12,0
PSE,1,0
PSE,2,3
PSE,3,3
PSE,4,2
PSE,5,1
PSE,6,0
PSE,7,2
PSE,8,1
PSE,9,2
PSE,10,1
PSE,11,2
PSE,12,3
PTG,1,2
PTG,2,4
PTG,3,5
PTG,4,2
PTG,5,3
PTG,6,2
PTG,7,2
PTG,8,1
PTG,9,0
PTG,10,2
PTG,11,0
PTG,12,3
PTP,1,5
PTP,2,3
PTP,3,2
PTP,4,3
PTP,5,2
PTP,6,1
PTP,7,1
PTP,8,2
PTP,9,2
PTP,10,2
PTP,11,2
PTP,12,2
PTY,1,1
PTY,2,0
PTY,3,2
PTY,4,1
PTY,5,1
PTY,6,1
PTY,7,2
PTY,8,0
PTY,9,0
PTY,10,4
PTY,11,1
PTY,12,2
PUJ,1,6
PUJ,2,1
PUJ,3,3
PUJ,4,2
PUJ,5,2
PUJ,6,1
PUJ,7,2
PUJ,8,1
PUJ,9,0
PUJ,10,5
PUJ,11,4
PUJ,12,1
PUS,1,3
PUS,2,3
PUS,3,4
PUS,4,4
PUS,5,1
PUS,6,3
PUS,7,2
PUS,8,1
PUS,9,0
PUS,10,3
PUS,11,2
PUS,12,0
PUY,1,1
PUY,2,2
PUY,3,1
PUY,4,1
PUY,5,0
PUY,6,6
PUY,7,2
PUY,8,7
PUY,9,3
PUY,10,5
PUY,11,1
PUY,12,3
PVG,1,5
PVG,2,3
PVG,3,5
PVG,4,1
PVG,5,1
PVG,6,2
PVG,7,0
PVG,8,1
PVG,9,2
PVG,10,5
PVG,11,4
PVG,12,3
PZB,1,3
PZB,2,1
PZB,3,5
PZB,4,4
PZB,5,2
PZB,6,2
PZB,7,7
PZB,8,1
PZB,9,1
PZB,10,4
PZB,11,1
PZB,12,1
QCB,1,4
QCB,2,2
QCB,3,3
QCB,4,1
QCB,5,1
QCB,6,2
QCB,7,4
QCB,8,2
QCB,9,3
QCB,10,4
QCB,11,2
QCB,12,3
QJU,1,3
QJU,2,4
QJU,3,2
QJU,4,1
QJU,5,2
QJU,6,4
QJU,7,2
QJU,8,4
QJU,9,2
QJU,10,1
QJU,11,1
QJU,12,6
QNB,1,2
QNB,2,1
QNB,3,2
QNB,4,3
QNB,5,2
QNB,6,2
QNB,7,6
QNB,8,1
QNB,9,1
QNB,10,0
QNB,11,5
QNB,12,5
QND,1,3
QND,2,3
QND,3,3
QND,4,2
QND,5,3
QND,6,2
QND,7,1
QND,8,1
QND,9,1
QND,10,1
QND,11,2
QND,12,2
QPG,1,0
QPG,2,3
QPG,3,2
QPG,4,0
QPG,5,2
QPG,6,1
QPG,7,2
QPG,8,2
QPG,9,4
QPG,10,0
QPG,11,1
QPG,12,2
QUF,1,1
QUF,2,4
QUF,3,3
QUF,4,1
QUF,5,1
QUF,6,2
QUF,7,3
QUF,8,1
QUF,9,1
QUF,10,1
QUF,11,7
QUF,12,0
RAI,1,4
RAI,2,0
RAI,3,5
RAI,4,1
RAI,5,3
RAI,6,6
RAI,7,0
RAI,8,1
RAI,9,2
RAI,10,2
RAI,11,2
RAI,12,3
RAJ,1,1
RAJ,2,2
RAJ,3,1
RAJ,4,5
RAJ,5,5
RAJ,6,1
RAJ,7,1
RAJ,8,3
RAJ,9,3
RAJ,10,3
RAJ,11,1
RAJ,12,5
RAK,1,4
RAK,2,4
RAK,3,4
RAK,4,2
RAK,5,2
RAK,6,3
RAK,7,2
RAK,8,3
RAK,9,2
RAK,10,3
RAK,11,2
RAK,12,6
RBA,1,2
RBA,2,1
RBA,3,1
RBA,4,2
RBA,5,0
RBA,6,1
RBA,7,3
RBA,8,4
RBA,9,3
RBA,10,4
RBA,11,3
RBA,12,0
RCB,1,1
RCB,2,1
RCB,3,3
RCB,4,2
RCB,5,4
RCB,6,2
RCB,7,3
RCB,8,0
RCB,9,1
RCB,10,1
RCB,11,0
RCB,12,4
RHO,1,2
RHO,2,3
RHO,3,0
RHO,4,4
RHO,5,1
RHO,6,4
RHO,7,1
RHO,8,2
RHO,9,8
RHO,10,0
RHO,11,4
RHO,12,2
RIX,1,1
RIX,2,2
RIX,3,3
RIX,4,3
RIX,5,4
RIX,6,4
RIX,7,2
RIX,8,2
RIX,9,0
RIX,10,1
RIX,11,6
RIX,12,1
RJK,1,3
RJK,2,0
RJK,3,5
RJK,4,1
RJK,5,0
RJK,6,1
RJK,7,4
RJK,8,3
RJK,9,2
RJK,10,0
RJK,11,5
RJK,12,3
RLT,1,1
RLT,2,2
RLT,3,3
RLT,4,1
RLT,5,4
RLT,6,1
RLT,7,1
RLT,8,1
RLT,9,2
RLT,10,4
RLT,11,5
RLT,12,1
ROB,1,4
ROB,2,2
ROB,3,2
ROB,4,4
ROB,5,2
ROB,6,3
ROB,7,0
ROB,8,3
ROB,9,1
ROB,10,1
ROB,11,3
ROB,12,7
ROU,1,2
ROU,2,0
ROU,3,3
ROU,4,1
ROU,5,2
ROU,6,2
ROU,7,2
ROU,8,1
ROU,9,2
ROU,10,2
ROU,11,2
ROU,12,2
RRG,1,1
RRG,2,1
RRG,3,2
RRG,4,4
RRG,5,3
RRG,6,2
RRG,7,0
RRG,8,2
RRG,9,2
RRG,10,0
RRG,11,3
RRG,12,3
RSD,1,2
RSD,2,3
RSD,3,6
RSD,4,2
RSD,5,2
RSD,6,3
RSD,7,4
RSD,8,4
RSD,9,5
RSD,10,1
RSD,11,0
RSD,12,0
RTB,1,0
RTB,2,0
RTB,3,3
RTB,4,2
RTB,5,2
RTB,6,3
RTB,7,1
RTB,8,1
RTB,9,1
RTB,10,2
RTB,11,4
RTB,12,3
RUN,1,2
RUN,2,1
RUN,3,2
RUN,4,2
RUN,5,3
RUN,6,2
RUN,7,3
RUN,8,5
RUN,9,3
RUN,10,2
RUN,11,1
RUN,12,3
SAL,1,2
SAL,2,4
SAL,3,0
SAL,4,1
SAL,5,3
SAL,6,2
SAL,7,5
SAL,8,2
SAL,9,2
SAL,10,3
SAL,11,4
SAL,12,3
SAP,1,3
SAP,2,4
SAP,3,6
SAP,4,4
SAP,5,0
SAP,6,2
SAP,7,3
SAP,8,1
SAP,9,3
SAP,10,3
SAP,11,0
SAP,12,5
SAY,1,2
SAY,2,1
SAY,3,3
SAY,4,1
SAY,5,3
SAY,6,3
SAY,7,2
SAY,8,4
SAY,9,0
SAY,10,0
SAY,11,3
SAY,12,0
SBU,1,4
SBU,2,2
SBU,3,5
SBU,4,2
SBU,5,1
SBU,6,3
SBU,7,1
SBU,8,0
SBU,9,3
SBU,10,5
SBU,11,2
SBU,12,2
SCU,1,6
SCU,2,3
SCU,3,1
SCU,4,0
SCU,5,2
SCU,6,1
SCU,7,1
SCU,8,4
SCU,9,3
SCU,10,2
SCU,11,1
SCU,12,2
SDH,1,1
SDH,2,1
SDH,3,2
SDH,4,1
SDH,5,2
SDH,6,0
SDH,7,2
SDH,8,2
SDH,9,1
SDH,10,2
SDH,11,1
SDH,12,2
SDJ,1,2
SDJ,2,1
SDJ,3,5
SDJ,4,0
SDJ,5,2
SDJ,6,2
SDJ,7,1
SDJ,8,3
SDJ,9,5
SDJ,10,2
SDJ,11,2
SDJ,12,3
SDQ,1,4
SDQ,2,4
SDQ,3,4
SDQ,4,0
SDQ,5,4
SDQ,6,4
SDQ,7,2
SDQ,8,3
SDQ,9,2
SDQ,10,3
SDQ,11,1
SDQ,12,1
SDS,1,2
SDS,2,2
SDS,3,3
SDS,4,2
SDS,5,3
SDS,6,4
SDS,7,1
SDS,8,4
SDS,9,3
SDS,10,3
SDS,11,0
SDS,12,4
SEB,1,7
SEB,2,1
SEB,3,0
SEB,4,0
SEB,5,0
SEB,6,1
SEB,7,2
SEB,8,3
SEB,9,1
SEB,10,4
SEB,11,5
SEB,12,1
SEL,1,4
SEL,2,1
SEL,3,1
SEL,4,2
SEL,5,5
SEL,6,1
SEL,7,3
SEL,8,0
SEL,9,3
SEL,10,2
SEL,11,1
SEL,12,4
SEW,1,4
SEW,2,3
SEW,3,0
SEW,4,5
SEW,5,2
SEW,6,2
SEW,7,1
SEW,8,1
SEW,9,1
SEW,10,2
SEW,11,1
SEW,12,2
SEZ,1,0
SEZ,2,1
SEZ,3,2
SEZ,4,4
SEZ,5,2
SEZ,6,0
SEZ,7,0
SEZ,8,4
SEZ,9,3
SEZ,10,3
SEZ,11,1
SEZ,12,1
SFA,1,2
SFA,2,0
SFA,3,1
SFA,4,2
SFA,5,2
SFA,6,5
SFA,7,4
SFA,8,1
SFA,9,3
SFA,10,4
SFA,11,3
SFA,12,3
SFG,1,3
SFG,2,1
SFG,3,3
SFG,4,2
SFG,5,2
SFG,6,3
SFG,7,4
SFG,8,2
SFG,9,3
SFG,10,1
SFG,11,0
SFG,12,1
SHA,1,3
SHA,2,2
SHA,3,3
SHA,4,1
SHA,5,2
SHA,6,3
SHA,7,4
SHA,8,3
SHA,9,1
SHA,10,0
SHA,11,5
SHA,12,2
SHE,1,5
SHE,2,1
SHE,3,1
SHE,4,3
SHE,5,1
SHE,6,2
SHE,7,1
SHE,8,2
SHE,9,0
SHE,10,4
SHE,11,1
SHE,12,3
SID,1,2
SID,2,1
SID,3,2
SID,4,1
SID,5,4
SID,6,0
SID,7,7
SID,8,2
SID,9,3
SID,10,3
SID,11,1
SID,12,1
SIN,1,3
SIN,2,0
SIN,3,3
SIN,4,2
SIN,5,2
SIN,6,4
SIN,7,1
SIN,8,3
SIN,9,0
SIN,10,3
SIN,11,3
SIN,12,3
SIP,1,2
SIP,2,4
SIP,3,6
SIP,4,2
SIP,5,2
SIP,6,0
SIP,7,1
SIP,8,2
SIP,9,3
SIP,10,3
SIP,11,0
SIP,12,3
SIS,1,0
SIS,2,1
SIS,3,3
SIS,4,1
SIS,5,2
SIS,6,2
SIS,7,3
SIS,8,1
SIS,9,3
SIS,10,3
SIS,11,3
SIS,12,1
SJJ,1,3
SJJ,2,4
SJJ,3,2
SJJ,4,1
SJJ,5,3
SJJ,6,4
SJJ,7,1
SJJ,8,3
SJJ,9,2
SJJ,10,2
SJJ,11,0
SJJ,12,1
SJO,1,2
SJO,2,3
SJO,3,1
SJO,4,1
SJO,5,0
SJO,6,0
SJO,7,5
SJO,8,1
SJO,9,0
SJO,10,0
SJO,11,4
SJO,12,2
SJU,1,2
SJU,2,3
SJU,3,1
SJU,4,3
SJU,5,1
SJU,6,3
SJU,7,0
SJU,8,0
SJU,9,2
SJU,10,3
SJU,11,2
SJU,12,3
SKB,1,2
SKB,2,2
SKB,3,1
SKB,4,3
SKB,5,1
SKB,6,1
SKB,7,0
SKB,8,2
SKB,9,2
SKB,10,1
SKB,11,4
SKB,12,2
SKD,1,2
SKD,2,1
SKD,3,2
SKD,4,3
SKD,5,5
SKD,6,0
SKD,7,0
SKD,8,1
SKD,9,0
SKD,10,3
SKD,11,3
SKD,12,5
SKG,1,5
SKG,2,1
SKG,3,1
SKG,4,2
SKG,5,1
SKG,6,1
SKG,7,3
SKG,8,2
SKG,9,2
SKG,10,4
SKG,11,1
SKG,12,3
SKP,1,3
SKP,2,0
SKP,3,3
SKP,4,3
SKP,5,1
SKP,6,1
SKP,7,3
SKP,8,0
SKP,9,3
SKP,10,2
SKP,11,0
SKP,12,2
SKV,1,3
SKV,2,4
SKV,3,0
SKV,4,3
SKV,5,0
SKV,6,0
SKV,7,2
SKV,8,2
SKV,9,2
SKV,10,1
SKV,11,1
SKV,12,3
SLS,1,0
SLS,2,2
SLS,3,1
SLS,4,4
SLS,5,4
SLS,6,3
SLS,7,5
SLS,8,4
SLS,9,2
SLS,10,1
SLS,11,1
SLS,12,0
SLU,1,0
SLU,2,3
SLU,3,3
SLU,4,2
SLU,5,1
SLU,6,2
SLU,7,0
SLU,8,2
SLU,9,1
SLU,10,2
SLU,11,4
SLU,12,2
SNN,1,5
SNN,2,2
SNN,3,2
SNN,4,4
SNN,5,2
SNN,6,2
SNN,7,2
SNN,8,3
SNN,9,0
SNN,10,0
SNN,11,2
SNN,12,2
SOF,1,3
SOF,2,4
SOF,3,0
SOF,4,5
SOF,5,2
SOF,6,2
SOF,7,5
SOF,8,5
SOF,9,1
SOF,10,3
SOF,11,3
SOF,12,5
SPK,1,0
SPK,2,4
SPK,3,0
SPK,4,7
SPK,5,2
SPK,6,6
SPK,7,3
SPK,8,2
SPK,9,3
SPK,10,3
SPK,11,2
SPK,12,1
SPU,1,0
SPU,2,3
SPU,3,2
SPU,4,2
SPU,5,1
SPU,6,3
SPU,7,5
SPU,8,0
SPU,9,3
SPU,10,1
SPU,11,4
SPU,12,2
SPY,1,2
SPY,2,3
SPY,3,1
SPY,4,6
SPY,5,0
SPY,6,1
SPY,7,4
SPY,8,2
SPY,9,3
SPY,10,4
SPY,11,3
SPY,12,4
SSG,1,4
SSG,2,6
SSG,3,1
SSG,4,0
SSG,5,4
SSG,6,1
SSG,7,4
SSG,8,1
SSG,9,3
SSG,10,1
SSG,11,1
SSG,12,2
SSH,1,2
SSH,2,3
SSH,3,2
SSH,4,3
SSH,5,1
SSH,6,1
SSH,7,7
SSH,8,1
SSH,9,0
SSH,10,1
SSH,11,2
SSH,12,5
STO,1,3
STO,2,3
STO,3,2
STO,4,2
STO,5,4
STO,6,1
STO,7,3
STO,8,4
STO,9,3
STO,10,3
STO,11,1
STO,12,1
STT,1,3
STT,2,0
STT,3,5
STT,4,1
STT,5,1
STT,6,2
STT,7,2
STT,8,1
STT,9,1
STT,10,0
STT,11,0
STT,12,1
STV,1,3
STV,2,1
STV,3,3
STV,4,4
STV,5,1
STV,6,1
STV,7,2
STV,8,3
STV,9,1
STV,10,1
STV,11,6
STV,12,5
STX,1,2
STX,2,3
STX,3,1
STX,4,2
STX,5,0
STX,6,6
STX,7,0
STX,8,1
STX,9,1
STX,10,6
STX,11,2
STX,12,2
SUV,1,3
SUV,2,5
SUV,3,6
SUV,4,4
SUV,5,4
SUV,6,5
SUV,7,3
SUV,8,4
SUV,9,5
SUV,10,1
SUV,11,5
SUV,12,2
SVD,1,5
SVD,2,1
SVD,3,5
SVD,4,2
SVD,5,2
SVD,6,2
SVD,7,0
SVD,8,2
SVD,9,2
SVD,10,2
SVD,11,1
SVD,12,2
SVO,1,4
SVO,2,3
SVO,3,1
SVO,4,2
SVO,5,2
SVO,6,2
SVO,7,4
SVO,8,1
SVO,9,3
SVO,10,5
SVO,11,2
SVO,12,1
SVQ,1,4
SVQ,2,1
SVQ,3,6
SVQ,4,2
SVQ,5,1
SVQ,6,4
SVQ,7,2
SVQ,8,3
SVQ,9,2
SVQ,10,2
SVQ,11,3
SVQ,12,1
SWP,1,3
SWP,2,1
SWP,3,3
SWP,4,2
SWP,5,3
SWP,6,2
SWP,7,0
SWP,8,1
SWP,9,1
SWP,10,4
SWP,11,2
SWP,12,5
SXF,1,3
SXF,2,2
SXF,3,1
SXF,4,1
SXF,5,3
SXF,6,1
SXF,7,4
SXF,8,1
SXF,9,1
SXF,10,3
SXF,11,5
SXF,12,1
SXM,1,1
SXM,2,3
SXM,3,1
SXM,4,1
SXM,5,2
SXM,6,2
SXM,7,2
SXM,8,2
SXM,9,1
SXM,10,2
SXM,11,2
SXM,12,1
SXR,1,1
SXR,2,2
SXR,3,2
SXR,4,0
SXR,5,2
SXR,6,6
SXR,7,1
SXR,8,1
SXR,9,2
SXR,10,2
SXR,11,2
SXR,12,2
SZG,1,4
SZG,2,4
SZG,3,3
SZG,4,2
SZG,5,3
SZG,6,3
SZG,7,3
SZG,8,3
SZG,9,2
SZG,10,5
SZG,11,1
SZG,12,5
SZK,1,2
SZK,2,5
SZK,3,2
SZK,4,3
SZK,5,3
SZK,6,1
SZK,7,5
SZK,8,7
SZK,9,0
SZK,10,1
SZK,11,2
SZK,12,2
SZX,1,2
SZX,2,4
SZX,3,1
SZX,4,4
SZX,5,4
SZX,6,5
SZX,7,2
SZX,8,3
SZX,9,2
SZX,10,0
SZX,11,0
SZX,12,2
TAB,1,5
TAB,2,2
TAB,3,3
TAB,4,2
TAB,5,2
TAB,6,1
TAB,7,1
TAB,8,2
TAB,9,2
TAB,10,4
TAB,11,2
TAB,12,5
TAK,1,2
TAK,2,0
TAK,3,3
TAK,4,2
TAK,5,4
TAK,6,3
TAK,7,2
TAK,8,1
TAK,9,3
TAK,10,2
TAK,11,1
TAK,12,0
TAO,1,3
TAO,2,4
TAO,3,2
TAO,4,1
TAO,5,1
TAO,6,4
TAO,7,1
TAO,8,2
TAO,9,1
TAO,10,2
TAO,11,3
TAO,12,3
TAS,1,4
TAS,2,4
TAS,3,1
TAS,4,0
TAS,5,1
TAS,6,3
TAS,7,1
TAS,8,4
TAS,9,1
TAS,10,2
TAS,11,2
TAS,12,3
TAY,1,0
TAY,2,2
TAY,3,1
TAY,4,3
TAY,5,1
TAY,6,0
TAY,7,1
TAY,8,3
TAY,9,2
TAY,10,1
TAY,11,3
TAY,12,2
TBS,1,0
TBS,2,2
TBS,3,3
TBS,4,1
TBS,5,3
TBS,6,1
TBS,7,2
TBS,8,1
TBS,9,1
TBS,10,2
TBS,11,3
TBS,12,0
TCB,1,0
TCB,2,0
TCB,3,1
TCB,4,2
TCB,5,2
TCB,6,2
TCB,7,4
TCB,8,0
TCB,9,4
TCB,10,2
TCB,11,2
TCB,12,3
TCU,1,0
TCU,2,3
TCU,3,0
TCU,4,0
TCU,5,2
TCU,6,1
TCU,7,1
TCU,8,1
TCU,9,2
TCU,10,2
TCU,11,2
TCU,12,0
TGD,1,0
TGD,2,3
TGD,3,1
TGD,4,3
TGD,5,2
TGD,6,3
TGD,7,4
TGD,8,0
TGD,9,2
TGD,10,2
TGD,11,1
TGD,12,1
TGU,1,4
TGU,2,1
TGU,3,1
TGU,4,0
TGU,5,0
TGU,6,2
TGU,7,3
TGU,8,4
TGU,9,0
TGU,10,2
TGU,11,0
TGU,12,0
TGV,1,1
TGV,2,2
TGV,3,4
TGV,4,5
TGV,5,2
TGV,6,2
TGV,7,3
TGV,8,3
TGV,9,1
TGV,10,2
TGV,11,1
TGV,12,1
TIA,1,2
TIA,2,3
TIA,3,3
TIA,4,3
TIA,5,1
TIA,6,0
TIA,7,2
TIA,8,6
TIA,9,4
TIA,10,1
TIA,11,2
TIA,12,4
TIP,1,2
TIP,2,1
TIP,3,3
TIP,4,2
TIP,5,4
TIP,6,2
TIP,7,3
TIP,8,1
TIP,9,6
TIP,10,3
TIP,11,2
TIP,12,2
TIV,1,5
TIV,2,2
TIV,3,2
TIV,4,4
TIV,5,4
TIV,6,2
TIV,7,6
TIV,8,2
TIV,9,3
TIV,10,4
TIV,11,0
TIV,12,2
TKS,1,5
TKS,2,1
TKS,3,3
TKS,4,4
TKS,5,0
TKS,6,4
TKS,7,3
TKS,8,2
TKS,9,1
TKS,10,5
TKS,11,2
TKS,12,2
TLL,1,3
TLL,2,3
TLL,3,2
TLL,4,3
TLL,5,3
TLL,6,2
TLL,7,1
TLL,8,7
TLL,9,0
TLL,10,2
TLL,11,2
TLL,12,3
TMS,1,2
TMS,2,3
TMS,3,3
TMS,4,3
TMS,5,2
TMS,6,2
TMS,7,2
TMS,8,2
TMS,9,1
TMS,10,0
TMS,11,3
TMS,12,1
TMZ,1,1
TMZ,2,0
TMZ,3,1
TMZ,4,3
TMZ,5,3
TMZ,6,3
TMZ,7,1
TMZ,8,1
TMZ,9,1
TMZ,10,2
TMZ,11,4
TMZ,12,3
TNA,1,0
TNA,2,1
TNA,3,2
TNA,4,2
TNA,5,4
TNA,6,5
TNA,7,0
TNA,8,0
TNA,9,2
TNA,10,3
TNA,11,0
TNA,12,5
TNG,1,2
TNG,2,2
TNG,3,2
TNG,4,2
TNG,5,0
TNG,6,2
TNG,7,2
TNG,8,5
TNG,9,2
TNG,10,4
TNG,11,1
TNG,12,1
TNR,1,1
TNR,2,1
TNR,3,1
TNR,4,2
TNR,5,2
TNR,6,1
TNR,7,2
TNR,8,4
TNR,9,1
TNR,10,4
TNR,11,0
TNR,12,2
TOY,1,3
TOY,2,1
TOY,3,4
TOY,4,3
TOY,5,2
TOY,6,6
TOY,7,1
TOY,8,2
TOY,9,0
TOY,10,3
TOY,11,2
TOY,12,0
TPE,1,0
TPE,2,0
TPE,3,2
TPE,4,0
TPE,5,0
TPE,6,1
TPE,7,0
TPE,8,2
TPE,9,0
TPE,10,4
TPE,11,1
TPE,12,0
TRF,1,2
TRF,2,0
TRF,3,3
TRF,4,5
TRF,5,2
TRF,6,0
TRF,7,2
TRF,8,5
TRF,9,1
TRF,10,0
TRF,11,4
TRF,12,1
TRV,1,3
TRV,2,1
TRV,3,6
TRV,4,1
TRV,5,1
TRV,6,1
TRV,7,2
TRV,8,1
TRV,9,3
TRV,10,0
TRV,11,0
TRV,12,5
TRZ,1,6
TRZ,2,3
TRZ,3,3
TRZ,4,0
TRZ,5,5
TRZ,6,1
TRZ,7,2
TRZ,8,0
TRZ,9,2
TRZ,10,3
TRZ,11,3
TRZ,12,1
TSB,1,3
TSB,2,0
TSB,3,5
TSB,4,1
TSB,5,2
TSB,6,0
TSB,7,0
TSB,8,5
TSB,9,0
TSB,10,3
TSB,11,3
TSB,12,2
TSE,1,3
TSE,2,3
TSE,3,7
TSE,4,2
TSE,5,1
TSE,6,0
TSE,7,5
TSE,8,3
TSE,9,2
TSE,10,1
TSE,11,2
TSE,12,4
TSN,1,3
TSN,2,4
TSN,3,1
TSN,4,2
TSN,5,2
TSN,6,2
TSN,7,2
TSN,8,2
TSN,9,2
TSN,10,5
TSN,11,0
TSN,12,4
TUN,1,4
TUN,2,3
TUN,3,1
TUN,4,2
TUN,5,5
TUN,6,1
TUN,7,2
TUN,8,6
TUN,9,1
TUN,10,1
TUN,11,2
TUN,12,0
TXL,1,1
TXL,2,2
TXL,3,2
TXL,4,1
TXL,5,2
TXL,6,1
TXL,7,0
TXL,8,2
TXL,9,2
TXL,10,3
TXL,11,5
TXL,12,4
TYN,1,2
TYN,2,1
TYN,3,0
TYN,4,1
TYN,5,2
TYN,6,3
TYN,7,3
TYN,8,3
TYN,9,1
TYN,10,5
TYN,11,4
TYN,12,5
TYO,1,5
TYO,2,4
TYO,3,2
TYO,4,2
TYO,5,6
TYO,6,1
TYO,7,2
TYO,8,4
TYO,9,0
TYO,10,2
TYO,11,3
TYO,12,0
UKB,1,2
UKB,2,2
UKB,3,3
UKB,4,4
UKB,5,3
UKB,6,0
UKB,7,0
UKB,8,0
UKB,9,1
UKB,10,1
UKB,11,3
UKB,12,2
UKY,1,1
UKY,2,3
UKY,3,4
UKY,4,5
UKY,5,4
UKY,6,1
UKY,7,1
UKY,8,4
UKY,9,1
UKY,10,2
UKY,11,4
UKY,12,5
ULD,1,2
ULD,2,1
ULD,3,4
ULD,4,3
ULD,5,3
ULD,6,1
ULD,7,1
ULD,8,3
ULD,9,1
ULD,10,2
ULD,11,0
ULD,12,0
ULN,1,1
ULN,2,2
ULN,3,1
ULN,4,4
ULN,5,2
ULN,6,2
ULN,7,2
ULN,8,1
ULN,9,3
ULN,10,1
ULN,11,5
ULN,12,4
ULU,1,2
ULU,2,4
ULU,3,3
ULU,4,6
ULU,5,2
ULU,6,3
ULU,7,2
ULU,8,3
ULU,9,1
ULU,10,1
ULU,11,3
ULU,12,2
URC,1,1
URC,2,1
URC,3,3
URC,4,4
URC,5,4
URC,6,1
URC,7,2
URC,8,1
URC,9,2
URC,10,0
URC,11,2
URC,12,2
UTN,1,2
UTN,2,4
UTN,3,1
UTN,4,1
UTN,5,1
UTN,6,4
UTN,7,1
UTN,8,4
UTN,9,1
UTN,10,2
UTN,11,3
UTN,12,2
UTT,1,2
UTT,2,1
UTT,3,2
UTT,4,4
UTT,5,1
UTT,6,3
UTT,7,4
UTT,8,5
UTT,9,0
UTT,10,7
UTT,11,1
UTT,12,2
UUD,1,2
UUD,2,2
UUD,3,2
UUD,4,3
UUD,5,2
UUD,6,0
UUD,7,3
UUD,8,3
UUD,9,5
UUD,10,2
UUD,11,2
UUD,12,2
UVE,1,1
UVE,2,2
UVE,3,2
UVE,4,1
UVE,5,6
UVE,6,2
UVE,7,1
UVE,8,0
UVE,9,0
UVE,10,4
UVE,11,4
UVE,12,1
UVF,1,3
UVF,2,1
UVF,3,0
UVF,4,1
UVF,5,3
UVF,6,2
UVF,7,8
UVF,8,2
UVF,9,0
UVF,10,2
UVF,11,2
UVF,12,4
UVL,1,3
UVL,2,1
UVL,3,1
UVL,4,9
UVL,5,5
UVL,6,3
UVL,7,4
UVL,8,5
UVL,9,6
UVL,10,4
UVL,11,3
UVL,12,4
VAR,1,5
VAR,2,2
VAR,3,1
VAR,4,1
VAR,5,1
VAR,6,2
VAR,7,3
VAR,8,4
VAR,9,4
VAR,10,3
VAR,11,3
VAR,12,3
VFA,1,5
VFA,2,2
VFA,3,4
VFA,4,0
VFA,5,3
VFA,6,2
VFA,7,3
VFA,8,4
VFA,9,2
VFA,10,2
VFA,11,5
VFA,12,3
VID,1,0
VID,2,0
VID,3,2
VID,4,1
VID,5,2
VID,6,2
VID,7,6
VID,8,4
VID,9,2
VID,10,3
VID,11,2
VID,12,4
VIE,1,2
VIE,2,2
VIE,3,6
VIE,4,0
VIE,5,2
VIE,6,1
VIE,7,3
VIE,8,0
VIE,9,2
VIE,10,2
VIE,11,3
VIE,12,2
VIJ,1,3
VIJ,2,3
VIJ,3,3
VIJ,4,0
VIJ,5,1
VIJ,6,1
VIJ,7,3
VIJ,8,0
VIJ,9,2
VIJ,10,3
VIJ,11,2
VIJ,12,3
VKO,1,2
VKO,2,1
VKO,3,3
VKO,4,1
VKO,5,2
VKO,6,2
VKO,7,3
VKO,8,3
VKO,9,0
VKO,10,2
VKO,11,3
VKO,12,1
VLC,1,2
VLC,2,1
VLC,3,2
VLC,4,1
VLC,5,2
VLC,6,0
VLC,7,2
VLC,8,4
VLC,9,1
VLC,10,2
VLC,11,1
VLC,12,1
VLU,1,2
VLU,2,1
VLU,3,3
VLU,4,4
VLU,5,2
VLU,6,1
VLU,7,1
VLU,8,2
VLU,9,0
VLU,10,2
VLU,11,4
VLU,12,5
VNO,1,5
VNO,2,2
VNO,3,2
VNO,4,3
VNO,5,5
VNO,6,1
VNO,7,4
VNO,8,2
VNO,9,4
VNO,10,2
VNO,11,3
VNO,12,1
VNS,1,4
VNS,2,2
VNS,3,2
VNS,4,1
VNS,5,1
VNS,6,4
VNS,7,5
VNS,8,5
VNS,9,3
VNS,10,3
VNS,11,2
VNS,12,0
VRA,1,2
VRA,2,1
VRA,3,1
VRA,4,1
VRA,5,2
VRA,6,3
VRA,7,1
VRA,8,3
VRA,9,3
VRA,10,2
VRA,11,1
VRA,12,1
VYD,1,1
VYD,2,2
VYD,3,1
VYD,4,4
VYD,5,2
VYD,6,4
VYD,7,3
VYD,8,1
VYD,9,5
VYD,10,4
VYD,11,2
VYD,12,1
WAW,1,1
WAW,2,3
WAW,3,3
WAW,4,2
WAW,5,2
WAW,6,4
WAW,7,5
WAW,8,2
WAW,9,3
WAW,10,4
WAW,11,1
WAW,12,5
WDH,1,3
WDH,2,1
WDH,3,4
WDH,4,1
WDH,5,1
WDH,6,5
WDH,7,1
WDH,8,3
WDH,9,1
WDH,10,2
WDH,11,2
WDH,12,6
WEL,1,4
WEL,2,2
WEL,3,5
WEL,4,2
WEL,5,1
WEL,6,3
WEL,7,1
WEL,8,2
WEL,9,2
WEL,10,2
WEL,11,0
WEL,12,2
WUH,1,0
WUH,2,5
WUH,3,1
WUH,4,3
WUH,5,4
WUH,6,1
WUH,7,1
WUH,8,2
WUH,9,2
WUH,10,4
WUH,11,5
WUH,12,3
WVB,1,5
WVB,2,2
WVB,3,3
WVB,4,3
WVB,5,4
WVB,6,0
WVB,7,2
WVB,8,1
WVB,9,5
WVB,10,3
WVB,11,1
WVB,12,2
XIY,1,2
XIY,2,4
XIY,3,4
XIY,4,5
XIY,5,3
XIY,6,0
XIY,7,3
XIY,8,0
XIY,9,2
XIY,10,2
XIY,11,6
XIY,12,2
XMN,1,1
XMN,2,2
XMN,3,4
XMN,4,2
XMN,5,3
XMN,6,4
XMN,7,5
XMN,8,2
XMN,9,5
XMN,10,3
XMN,11,4
XMN,12,1
YKS,1,1
YKS,2,2
YKS,3,3
YKS,4,2
YKS,5,1
YKS,6,4
YKS,7,2
YKS,8,3
YKS,9,3
YKS,10,2
YKS,11,1
YKS,12,1
YOK,1,3
YOK,2,2
YOK,3,0
YOK,4,3
YOK,5,4
YOK,6,2
YOK,7,3
YOK,8,2
YOK,9,1
YOK,10,3
YOK,11,2
YOK,12,5
YVA,1,3
YVA,2,1
YVA,3,1
YVA,4,4
YVA,5,2
YVA,6,0
YVA,7,2
YVA,8,3
YVA,9,5
YVA,10,1
YVA,11,4
YVA,12,2
ZAD,1,4
ZAD,2,4
ZAD,3,1
ZAD,4,3
ZAD,5,3
ZAD,6,2
ZAD,7,2
ZAD,8,2
ZAD,9,1
ZAD,10,0
ZAD,11,2
ZAD,12,1
ZAG,1,4
ZAG,2,2
ZAG,3,4
ZAG,4,3
ZAG,5,4
ZAG,6,1
ZAG,7,1
ZAG,8,1
ZAG,9,5
ZAG,10,4
ZAG,11,3
ZAG,12,1
ZJK,1,3
ZJK,2,1
ZJK,3,1
ZJK,4,3
ZJK,5,3
ZJK,6,2
ZJK,7,5
ZJK,8,2
ZJK,9,4
ZJK,10,2
ZJK,11,5
ZJK,12,4
ZND,1,2
ZND,2,1
ZND,3,3
ZND,4,0
ZND,5,3
ZND,6,1
ZND,7,0
ZND,8,2
ZND,9,3
ZND,10,3
ZND,11,0
ZND,12,2
ZSA,1,1
ZSA,2,2
ZSA,3,1
ZSA,4,1
ZSA,5,1
ZSA,6,3
ZSA,7,1
ZSA,8,2
ZSA,9,2
ZSA,10,0
ZSA,11,3
ZSA,12,3
ZSS,1,0
ZSS,2,0
ZSS,3,1
ZSS,4,4
ZSS,5,6
ZSS,6,1
ZSS,7,2
ZSS,8,2
ZSS,9,3
ZSS,10,2
ZSS,11,1
ZSS,12,7
ZYL,1,2
ZYL,2,1
ZYL,3,2
ZYL,4,1
ZYL,5,3
ZYL,6,2
ZYL,7,2
ZYL,8,0
ZYL,9,0
ZYL,10,2
ZYL,11,1
ZYL,12,4
